#Subpopulation order/codes: AFR=0	EUR=1	AMR=2
#chm	spos	epos	sgpos	egpos	n snps	S0000.0	S0000.1	S0001.0	S0001.1	S0002.0	S0002.1	S0003.0	S0003.1	S0004.0	S0004.1	S0005.0	S0005.1	S0006.0	S0006.1	S0007.0	S0007.1	S0008.0	S0008.1	S0009.0	S0009.1	S0010.0	S0010.1	S0011.0	S0011.1	S0012.0	S0012.1	S0013.0	S0013.1	S0014.0	S0014.1	S0015.0	S0015.1	S0016.0	S0016.1	S0017.0	S0017.1	S0018.0	S0018.1	S0019.0	S0019.1	S0020.0	S0020.1	S0021.0	S0021.1	S0022.0	S0022.1	S0023.0	S0023.1	S0024.0	S0024.1	S0025.0	S0025.1	S0026.0	S0026.1	S0027.0	S0027.1	S0028.0	S0028.1	S0029.0	S0029.1	S0030.0	S0030.1	S0031.0	S0031.1	S0032.0	S0032.1	S0033.0	S0033.1	S0034.0	S0034.1	S0035.0	S0035.1	S0036.0	S0036.1	S0037.0	S0037.1	S0038.0	S0038.1	S0039.0	S0039.1	S0040.0	S0040.1	S0041.0	S0041.1	S0042.0	S0042.1	S0043.0	S0043.1	S0044.0	S0044.1	S0045.0	S0045.1	S0046.0	S0046.1	S0047.0	S0047.1	S0048.0	S0048.1	S0049.0	S0049.1	S0050.0	S0050.1	S0051.0	S0051.1	S0052.0	S0052.1	S0053.0	S0053.1	S0054.0	S0054.1	S0055.0	S0055.1	S0056.0	S0056.1	S0057.0	S0057.1	S0058.0	S0058.1	S0059.0	S0059.1	S0060.0	S0060.1	S0061.0	S0061.1	S0062.0	S0062.1	S0063.0	S0063.1	S0064.0	S0064.1	S0065.0	S0065.1	S0066.0	S0066.1	S0067.0	S0067.1	S0068.0	S0068.1	S0069.0	S0069.1	S0070.0	S0070.1	S0071.0	S0071.1	S0072.0	S0072.1	S0073.0	S0073.1	S0074.0	S0074.1	S0075.0	S0075.1	S0076.0	S0076.1	S0077.0	S0077.1	S0078.0	S0078.1	S0079.0	S0079.1	S0080.0	S0080.1	S0081.0	S0081.1	S0082.0	S0082.1	S0083.0	S0083.1	S0084.0	S0084.1	S0085.0	S0085.1	S0086.0	S0086.1	S0087.0	S0087.1	S0088.0	S0088.1	S0089.0	S0089.1	S0090.0	S0090.1	S0091.0	S0091.1	S0092.0	S0092.1	S0093.0	S0093.1	S0094.0	S0094.1	S0095.0	S0095.1	S0096.0	S0096.1	S0097.0	S0097.1	S0098.0	S0098.1	S0099.0	S0099.1	S0100.0	S0100.1	S0101.0	S0101.1	S0102.0	S0102.1	S0103.0	S0103.1	S0104.0	S0104.1	S0105.0	S0105.1	S0106.0	S0106.1	S0107.0	S0107.1	S0108.0	S0108.1	S0109.0	S0109.1	S0110.0	S0110.1	S0111.0	S0111.1	S0112.0	S0112.1	S0113.0	S0113.1	S0114.0	S0114.1	S0115.0	S0115.1	S0116.0	S0116.1	S0117.0	S0117.1	S0118.0	S0118.1	S0119.0	S0119.1	S0120.0	S0120.1	S0121.0	S0121.1	S0122.0	S0122.1	S0123.0	S0123.1	S0124.0	S0124.1	S0125.0	S0125.1	S0126.0	S0126.1	S0127.0	S0127.1	S0128.0	S0128.1	S0129.0	S0129.1	S0130.0	S0130.1	S0131.0	S0131.1	S0132.0	S0132.1	S0133.0	S0133.1	S0134.0	S0134.1	S0135.0	S0135.1	S0136.0	S0136.1	S0137.0	S0137.1	S0138.0	S0138.1	S0139.0	S0139.1	S0140.0	S0140.1	S0141.0	S0141.1	S0142.0	S0142.1	S0143.0	S0143.1	S0144.0	S0144.1	S0145.0	S0145.1	S0146.0	S0146.1	S0147.0	S0147.1	S0148.0	S0148.1	S0149.0	S0149.1	S0150.0	S0150.1	S0151.0	S0151.1	S0152.0	S0152.1	S0153.0	S0153.1	S0154.0	S0154.1	S0155.0	S0155.1	S0156.0	S0156.1	S0157.0	S0157.1	S0158.0	S0158.1	S0159.0	S0159.1	S0160.0	S0160.1	S0161.0	S0161.1	S0162.0	S0162.1	S0163.0	S0163.1	S0164.0	S0164.1	S0165.0	S0165.1	S0166.0	S0166.1	S0167.0	S0167.1	S0168.0	S0168.1	S0169.0	S0169.1	S0170.0	S0170.1	S0171.0	S0171.1	S0172.0	S0172.1	S0173.0	S0173.1	S0174.0	S0174.1	S0175.0	S0175.1	S0176.0	S0176.1	S0177.0	S0177.1	S0178.0	S0178.1	S0179.0	S0179.1	S0180.0	S0180.1	S0181.0	S0181.1	S0182.0	S0182.1	S0183.0	S0183.1	S0184.0	S0184.1	S0185.0	S0185.1	S0186.0	S0186.1	S0187.0	S0187.1	S0188.0	S0188.1	S0189.0	S0189.1	S0190.0	S0190.1	S0191.0	S0191.1	S0192.0	S0192.1	S0193.0	S0193.1	S0194.0	S0194.1	S0195.0	S0195.1	S0196.0	S0196.1	S0197.0	S0197.1	S0198.0	S0198.1	S0199.0	S0199.1
chr22	16000000	16020000	16.000000	16.020000	5	2	2	2	1	2	2	1	0	2	2	2	2	0	2	0	0	2	2	1	2	1	1	1	2	2	0	2	2	1	0	0	0	1	2	0	0	2	1	1	1	0	0	0	0	0	1	0	2	0	0	2	0	1	0	0	0	0	2	0	1	1	1	2	0	2	2	2	0	0	1	0	2	1	2	0	1	1	1	0	0	2	2	0	0	1	2	0	1	1	1	1	0	0	0	0	0	1	2	1	2	0	1	0	0	2	1	2	1	0	0	1	1	2	0	2	2	1	2	1	0	2	2	0	0	0	0	2	2	2	1	2	1	0	0	1	0	2	1	2	1	2	2	2	1	2	0	0	0	0	1	1	1	2	1	0	2	0	2	1	0	1	2	1	1	1	2	0	2	0	2	1	2	1	0	0	2	2	2	2	2	1	1	1	1	0	0	1	2	1	1	1	0	1	1	0	1	1	0	2	2	2	2	1	0	0	0	0	0	0	0	0	0	2	0	0	1	1	1	0	0	2	2	0	2	1	1	2	2	1	0	0	1	2	1	0	2	2	2	1	0	1	2	2	0	2	0	1	1	1	2	2	1	2	0	1	2	0	2	1	2	2	1	1	0	1	0	1	2	1	1	1	1	0	1	1	0	1	1	0	1	1	1	2	2	2	1	1	2	1	2	0	1	1	2	1	1	0	0	2	1	1	1	2	2	1	0	2	0	0	1	1	2	0	0	2	2	2	1	2	2	1	0	0	0	0	2	2	2	1	2	2	2	2	2	0	0	1	1	0	2	2	1	0	1	0	0	0	0	1	1	2	2	1	0	2	2	2	2	2	2	1	1	0	1	0	1	2	1	0	0	1	2	2	0	0	1	0	0	1	1	0	0	1	1	2	0	2	1	2	1	1	0	0	0	1	1	0	0	0	0
chr22	16025000	16025000	16.025000	16.025000	1	2	2	2	1	2	2	1	0	2	2	2	2	0	2	0	0	2	2	1	2	1	1	1	2	2	0	2	2	1	0	0	0	1	2	0	0	2	1	1	1	0	0	0	0	0	1	0	2	0	0	2	0	1	0	0	0	0	2	0	1	1	1	2	0	2	2	2	0	0	1	0	2	1	2	0	1	1	1	0	0	2	2	0	0	1	2	0	1	1	1	1	0	0	0	0	0	1	2	1	2	0	1	0	0	2	1	2	1	0	0	1	1	2	0	2	2	1	2	1	0	2	2	0	0	0	0	2	2	2	1	2	1	0	0	1	0	2	1	2	1	2	2	2	1	2	0	0	0	0	1	1	1	2	1	0	2	0	2	1	0	0	2	1	1	1	2	0	2	0	2	1	2	1	0	0	2	2	2	2	2	1	1	1	1	0	0	1	2	1	1	1	0	1	1	0	1	1	0	2	2	2	2	1	0	0	0	0	0	0	0	0	0	2	0	0	1	1	1	0	0	2	2	0	2	1	1	2	2	1	0	0	1	2	0	0	2	2	2	1	0	1	2	1	0	2	0	1	1	1	2	2	1	2	0	1	2	0	2	1	2	2	1	1	0	1	0	1	2	1	1	1	1	0	1	1	0	1	1	0	1	1	1	2	2	2	1	1	2	1	2	0	1	1	2	1	1	0	0	2	1	1	1	2	2	1	0	2	0	0	1	1	2	0	0	2	2	2	1	2	2	1	0	0	0	0	2	2	2	1	2	2	2	2	2	0	0	1	1	0	2	2	1	0	0	0	0	0	0	1	1	2	2	1	0	2	2	2	2	2	2	1	1	0	1	0	1	2	1	0	0	1	2	2	0	0	1	0	0	1	1	0	0	1	1	2	0	2	1	2	1	1	0	0	0	1	1	0	0	0	0
chr22	16030000	16030000	16.030000	16.030000	1	2	2	2	1	2	2	1	0	2	2	2	2	0	2	0	0	2	2	1	2	1	1	1	2	2	0	2	2	1	0	0	0	1	2	0	0	2	1	1	1	0	0	0	0	0	1	0	2	0	0	2	0	1	0	0	0	2	2	0	1	1	1	2	0	2	2	2	0	0	1	0	2	1	2	0	1	1	1	0	0	2	2	0	0	1	2	0	1	1	1	1	0	0	0	0	0	1	2	1	2	0	1	0	0	2	1	2	1	0	0	1	1	2	0	2	2	1	2	1	0	2	2	0	0	0	0	2	2	2	1	2	1	0	0	1	0	2	1	2	1	2	2	2	1	2	0	0	0	0	1	1	1	2	1	0	2	0	2	1	0	0	2	1	1	1	2	0	2	0	2	1	2	1	0	0	2	2	2	2	2	1	1	1	1	0	0	1	2	1	1	1	0	1	1	0	1	1	0	2	2	2	2	1	0	0	0	0	0	0	0	0	0	2	0	0	1	1	1	0	0	2	2	0	2	1	1	2	2	1	0	0	1	2	0	0	2	2	2	1	0	1	2	1	0	2	0	1	1	2	2	2	1	2	0	1	2	0	2	1	2	2	1	1	0	1	0	1	2	1	1	1	1	0	1	1	0	1	1	0	1	1	1	2	2	2	1	1	2	1	2	0	1	1	2	1	1	0	0	2	1	1	1	1	2	1	0	2	0	0	1	1	2	0	0	2	2	2	1	2	2	1	0	0	0	0	2	2	2	1	2	2	2	2	2	0	0	1	1	0	2	2	1	0	0	0	0	0	0	1	1	2	2	1	0	2	2	2	2	2	2	1	1	0	1	0	1	2	1	0	0	1	2	2	0	0	1	0	0	1	1	0	0	1	1	2	0	2	1	2	1	1	0	0	0	1	1	0	0	0	0
chr22	16035000	16035000	16.035000	16.035000	1	2	2	2	1	2	2	1	0	2	2	2	2	0	2	0	0	2	2	1	2	1	1	1	2	2	0	2	2	1	0	0	0	2	2	0	0	2	1	1	1	0	0	0	0	0	1	0	2	0	0	2	0	1	0	0	0	2	2	0	1	1	1	2	0	2	2	2	0	0	1	0	2	1	2	0	1	1	1	0	0	2	2	0	0	1	2	0	1	1	1	1	0	0	0	0	0	1	2	1	2	0	1	0	0	2	1	2	1	0	0	1	1	2	0	2	2	1	2	1	0	2	2	0	0	0	0	2	2	2	1	1	1	0	0	1	0	2	1	2	1	2	2	2	1	2	0	0	0	0	1	1	1	2	1	0	2	0	2	2	0	0	2	1	1	1	2	0	2	0	2	1	2	1	0	0	2	2	2	2	2	1	1	1	1	0	0	1	2	1	1	1	0	1	1	0	1	1	0	2	2	2	2	1	0	0	0	0	0	0	0	0	0	2	0	0	1	1	1	0	0	2	2	0	2	1	1	2	2	0	0	0	1	2	0	0	2	2	2	1	0	1	2	1	0	2	0	1	1	2	2	2	1	2	0	1	2	0	2	1	2	2	1	1	0	1	0	1	2	1	1	1	1	0	1	1	0	1	1	0	1	1	1	2	2	2	1	0	2	1	2	0	1	1	2	1	1	0	0	2	1	1	1	1	2	1	0	2	0	0	1	1	2	0	0	2	2	2	1	2	2	1	0	0	0	0	2	2	2	1	2	2	2	2	2	0	0	1	1	0	2	2	1	0	0	0	0	0	0	1	1	2	2	1	0	2	2	2	2	2	2	1	1	0	1	0	1	2	1	0	0	1	2	2	0	0	1	0	0	1	1	0	0	1	1	2	0	2	1	2	1	1	0	0	0	1	1	0	0	0	0
chr22	16040000	16040000	16.040000	16.040000	1	2	2	2	1	2	2	1	0	2	2	2	2	0	2	0	0	2	2	1	2	1	1	1	2	2	0	2	2	1	0	0	0	2	2	0	0	2	1	1	1	0	0	0	0	0	1	0	2	0	0	2	0	1	0	0	0	2	2	0	1	1	1	2	0	2	2	2	0	0	1	0	2	1	2	0	1	1	1	0	0	2	2	0	0	1	2	0	1	1	1	1	0	0	0	0	0	1	2	1	2	0	1	0	0	2	1	2	1	0	0	1	1	2	0	2	2	1	2	1	0	2	2	0	0	0	0	2	2	2	1	1	1	0	0	1	0	2	1	2	1	2	2	2	1	2	0	0	0	0	1	1	1	2	1	0	2	0	2	2	0	0	2	1	1	1	2	0	2	0	2	1	2	1	0	0	2	2	2	2	2	1	1	1	1	0	0	1	2	1	1	1	0	1	1	0	1	1	0	2	2	2	2	1	0	0	0	0	0	0	0	0	0	2	0	0	1	1	1	0	0	2	2	0	2	1	1	2	2	0	0	0	1	2	0	0	2	2	2	1	0	1	2	1	0	2	0	1	1	2	2	2	1	2	0	1	2	0	2	1	2	2	1	1	0	1	0	1	2	1	0	1	0	0	1	1	0	1	1	0	1	1	1	2	2	2	1	0	2	1	2	0	1	1	2	1	1	0	0	2	1	1	1	1	2	1	0	2	0	0	1	1	2	0	0	2	2	2	1	2	2	1	0	0	0	0	2	2	2	1	2	2	2	2	2	0	0	1	1	0	2	2	1	0	0	0	0	0	0	1	1	2	2	1	0	2	2	2	2	2	2	1	1	0	1	0	1	2	1	0	0	1	2	2	0	0	1	0	0	1	1	0	0	1	1	2	0	2	1	2	1	1	0	0	0	1	1	0	0	0	0
chr22	16045000	16045000	16.045000	16.045000	1	2	2	2	1	2	2	1	0	2	2	2	2	0	2	0	0	2	2	1	2	1	1	1	2	2	0	2	2	1	0	0	0	2	2	0	0	2	1	1	1	0	0	0	0	0	1	0	2	0	0	2	0	1	0	0	0	2	2	0	1	1	1	2	0	2	2	2	0	0	1	0	2	1	2	0	1	1	1	0	0	2	2	0	0	1	2	0	1	1	1	1	0	0	0	0	0	1	2	1	2	0	1	0	0	2	1	2	1	0	0	1	1	2	0	2	2	1	2	1	0	2	2	0	0	0	0	2	2	2	1	1	1	0	0	1	0	1	1	2	1	2	2	2	1	2	0	1	0	0	1	1	1	2	1	0	2	0	2	2	0	0	2	1	1	1	2	0	2	0	2	1	2	1	0	0	2	2	2	2	2	1	1	1	1	0	0	1	2	1	1	1	0	1	1	0	1	1	0	2	2	2	2	1	0	0	0	0	0	0	0	0	0	2	0	0	1	1	1	0	0	2	2	0	2	1	1	2	2	0	0	0	1	2	0	0	2	2	2	1	0	1	2	1	0	2	0	1	2	2	2	2	1	2	0	1	2	0	2	1	2	2	1	1	0	1	0	1	2	1	0	1	0	0	1	1	0	1	1	0	1	1	1	2	2	0	1	0	2	1	2	0	1	1	2	1	1	0	0	2	1	1	1	1	2	1	0	2	0	0	1	1	2	0	0	2	2	2	1	2	2	1	1	0	0	0	2	2	2	1	2	2	2	2	2	0	0	1	1	0	2	2	1	0	0	0	0	0	0	1	1	2	2	1	0	2	2	2	2	2	2	1	1	0	1	0	1	2	1	0	0	1	2	2	0	0	1	0	2	1	1	0	0	1	1	2	0	2	1	2	1	1	0	0	0	1	1	0	0	0	0
chr22	16050000	16050000	16.050000	16.050000	1	2	2	2	1	2	2	1	0	2	2	2	2	0	2	0	0	2	2	1	2	1	1	1	2	2	0	2	2	1	0	0	0	2	2	0	0	2	1	1	1	0	0	0	0	0	1	0	2	0	0	2	0	1	0	0	0	2	2	0	1	1	1	2	0	2	2	2	0	0	1	0	2	1	2	0	1	1	1	0	0	2	2	0	0	1	2	0	1	1	1	1	0	0	0	0	0	1	2	1	2	0	1	0	0	2	1	2	1	0	0	1	1	2	0	2	2	1	2	1	0	2	2	0	0	0	0	2	2	2	1	1	1	0	0	1	0	1	1	2	1	2	2	2	1	2	0	1	0	0	1	1	1	2	1	0	2	0	2	2	0	0	2	1	1	1	2	0	2	0	2	1	2	1	0	0	2	2	2	2	2	1	1	1	1	0	0	1	2	1	1	1	0	1	1	0	1	1	0	2	2	2	2	1	0	0	0	0	0	0	0	0	0	2	0	0	1	1	0	0	0	2	2	0	2	1	1	2	2	0	0	0	1	2	0	0	2	2	1	1	0	1	2	1	0	2	0	1	2	2	2	2	1	2	0	1	2	0	2	1	2	2	1	1	0	1	0	1	2	1	0	1	0	0	1	1	0	1	1	0	1	1	1	2	2	0	1	0	2	1	2	0	1	1	2	1	1	0	0	2	1	1	1	1	2	1	0	2	0	0	1	1	2	0	0	2	2	2	1	2	2	1	1	0	0	0	2	2	2	1	2	2	2	2	2	0	0	1	1	0	2	2	1	0	0	0	0	0	0	1	1	2	2	1	0	2	2	2	2	2	2	1	1	0	1	0	1	2	1	0	0	1	2	2	0	0	1	0	2	0	1	0	0	1	1	2	0	2	1	2	1	1	0	0	0	1	1	0	0	0	0
chr22	16055000	16055000	16.055000	16.055000	1	2	2	2	1	2	2	1	0	2	2	2	2	0	2	0	0	2	2	1	2	1	1	1	2	2	0	2	2	1	0	0	0	2	2	0	0	2	1	1	1	0	0	0	0	0	1	0	2	0	0	2	0	1	0	0	0	2	2	0	1	1	1	2	0	2	2	2	0	0	1	0	2	1	2	0	1	1	1	0	0	2	2	0	0	1	2	0	1	1	1	1	0	0	0	0	0	1	2	1	2	0	1	0	0	2	1	2	1	0	0	1	1	2	0	2	2	1	2	1	0	2	2	0	0	0	0	2	2	2	1	1	1	0	0	1	0	1	1	2	1	2	2	2	1	2	0	1	0	0	1	1	1	2	1	0	2	0	2	2	0	0	2	1	1	1	2	0	2	0	2	1	2	1	0	0	2	2	2	2	1	1	1	1	1	0	0	1	2	1	1	1	0	1	1	1	1	1	0	2	2	2	2	1	0	0	0	0	0	0	0	0	0	1	0	0	1	1	0	0	0	2	2	0	2	1	1	2	2	0	0	0	2	2	0	0	2	2	1	1	0	1	2	1	0	0	0	1	0	2	2	2	1	2	0	1	2	0	2	1	2	2	1	1	0	1	0	1	2	1	0	1	0	0	1	1	0	1	1	0	0	1	1	2	2	0	1	0	2	1	2	0	1	0	2	1	1	0	0	2	1	1	1	1	2	2	0	2	0	0	1	1	2	0	0	2	2	2	1	2	2	1	1	0	0	0	2	2	2	1	2	2	2	2	2	0	0	1	1	0	2	2	1	0	0	0	0	0	0	1	1	2	2	1	0	2	2	2	2	2	2	1	1	0	1	0	1	2	1	0	0	1	2	2	0	0	1	0	2	0	1	0	0	1	1	2	0	2	1	2	1	1	0	0	0	1	1	0	0	0	0
chr22	16060000	16060000	16.060000	16.060000	1	2	2	2	1	2	2	1	0	2	2	2	2	0	2	0	0	2	2	1	2	1	1	1	2	2	0	2	2	1	0	0	0	2	2	0	0	2	1	1	1	0	0	0	0	0	1	0	2	0	0	2	0	1	0	0	0	2	2	0	1	1	1	2	0	2	2	2	0	0	1	0	2	1	2	0	1	1	1	0	0	2	2	0	0	1	2	0	1	1	1	1	0	0	0	0	0	1	2	0	2	0	1	0	0	2	1	2	1	0	0	1	1	2	0	2	2	1	2	1	0	2	2	0	0	0	0	2	2	2	1	1	1	0	0	1	0	1	1	2	1	2	2	2	1	2	0	1	0	0	1	1	1	2	1	0	2	0	2	2	0	0	2	1	1	1	2	0	2	0	2	1	2	1	0	0	2	2	2	2	1	1	1	1	2	0	0	1	2	1	1	1	0	1	1	1	1	1	0	2	2	2	2	1	0	0	0	0	0	0	0	0	0	1	0	0	1	1	0	0	0	2	2	0	2	2	1	2	2	0	0	0	2	2	0	0	2	2	1	1	0	1	2	1	0	0	0	1	0	2	2	2	1	2	0	1	2	0	2	1	2	2	1	1	0	1	0	1	2	1	0	1	0	0	1	1	0	1	1	0	0	1	1	2	2	0	1	0	2	1	2	0	1	0	2	1	1	0	0	2	1	1	1	1	2	2	0	2	0	0	1	1	2	0	0	2	2	2	1	2	2	1	1	0	0	0	2	2	2	1	2	2	2	2	2	0	0	1	1	0	2	2	1	0	0	0	0	0	0	1	1	2	2	1	0	2	2	2	2	2	2	1	1	0	1	0	1	2	1	0	0	1	2	2	0	0	1	0	2	0	1	0	0	1	1	2	0	2	1	2	1	1	0	0	0	1	1	0	0	0	0
chr22	16065000	16065000	16.065000	16.065000	1	2	2	2	1	2	2	1	0	2	2	2	2	0	2	0	0	2	2	1	2	1	1	1	2	2	0	2	2	1	0	0	0	2	2	0	0	2	1	1	1	0	0	0	0	0	1	0	2	0	0	2	0	1	0	0	0	2	2	0	1	1	1	2	0	2	2	2	0	0	1	0	2	1	2	0	1	1	1	0	0	2	2	0	0	1	2	0	1	1	1	1	0	0	0	0	0	1	2	0	2	0	1	0	0	2	1	2	1	0	0	1	1	2	0	2	2	1	2	1	0	2	2	0	0	0	0	2	2	2	1	1	1	0	0	1	0	1	1	2	1	2	2	2	1	2	0	1	0	0	1	1	1	2	1	0	2	0	2	2	0	0	2	1	1	1	2	0	2	0	2	1	2	1	0	0	2	2	2	2	1	1	1	1	2	0	0	1	2	1	1	1	0	1	1	1	1	1	0	2	2	2	2	1	0	0	0	0	0	0	0	0	0	1	0	0	1	1	0	0	0	2	2	0	2	2	1	2	2	0	0	0	2	2	0	0	2	2	1	1	0	1	2	1	0	0	0	1	0	2	2	2	1	2	0	1	2	0	2	0	2	2	1	1	0	1	0	1	2	1	0	1	0	0	1	1	0	1	1	0	0	1	1	2	2	0	1	0	2	1	2	0	1	0	2	1	1	0	0	2	1	1	1	1	2	2	0	2	0	0	1	1	2	0	0	2	2	2	1	2	2	1	1	0	0	1	2	2	2	1	2	2	2	2	0	0	0	1	1	0	2	2	1	0	0	0	0	0	0	1	1	2	2	1	0	2	2	2	2	2	2	1	1	0	1	0	1	2	1	0	0	1	2	2	0	0	1	0	2	0	1	0	0	1	1	2	0	2	1	2	1	1	0	0	0	1	1	0	0	0	0
chr22	16070000	16070000	16.070000	16.070000	1	2	2	2	1	2	2	1	0	2	2	2	2	0	2	0	0	2	2	1	2	1	1	2	2	2	0	2	2	1	0	0	0	2	2	0	0	2	1	1	1	0	0	0	0	0	1	0	2	0	0	2	0	1	0	0	0	2	2	0	1	1	1	2	0	2	2	2	0	0	1	0	2	1	2	0	1	1	1	0	0	2	2	0	0	1	2	0	1	1	1	1	0	0	1	0	0	1	2	2	2	0	1	0	0	2	1	2	1	0	0	1	1	2	0	2	2	1	2	1	0	2	2	0	0	0	0	2	2	2	1	1	1	0	0	1	0	1	1	2	1	2	2	2	1	2	0	1	0	0	1	1	1	2	1	0	2	0	2	2	0	0	2	1	1	1	2	0	2	0	2	1	2	1	0	0	2	2	2	2	1	1	1	1	2	0	0	1	2	1	1	1	0	1	1	1	1	1	0	2	2	2	2	1	0	0	0	0	0	0	0	0	0	1	0	0	1	1	0	0	0	2	2	0	2	2	1	2	2	0	0	0	2	2	0	0	2	2	1	1	0	1	2	1	0	0	0	1	0	2	2	2	1	2	0	1	2	0	2	0	2	2	1	1	0	1	0	1	2	1	0	1	0	0	1	1	0	1	1	0	0	1	1	2	2	0	1	0	2	1	2	0	1	0	2	1	1	0	0	2	1	1	1	1	2	2	0	2	0	0	1	1	2	0	0	2	2	2	1	2	2	1	1	0	0	1	2	2	2	1	2	2	2	2	0	0	0	1	1	0	2	2	1	0	0	0	0	0	0	1	1	2	2	1	0	2	2	2	2	2	2	1	1	0	1	0	1	2	1	0	0	1	2	2	0	0	1	0	2	0	1	0	0	1	1	2	2	2	1	2	1	1	0	0	0	1	1	0	0	0	0
chr22	16075000	16075000	16.075000	16.075000	1	2	2	2	1	2	2	1	0	1	2	2	2	0	2	0	0	2	2	1	2	1	1	2	2	2	0	2	2	1	0	0	0	2	2	0	0	2	1	1	1	0	0	0	0	0	1	0	2	0	0	2	0	1	0	0	0	2	2	0	1	1	1	2	0	2	2	2	0	0	1	0	2	1	2	0	1	1	1	0	0	2	2	0	0	1	2	0	1	1	1	1	0	0	1	0	0	1	2	2	2	0	1	0	0	2	1	2	1	1	0	1	1	2	0	2	2	1	2	1	0	2	2	0	0	0	0	2	2	2	1	1	1	0	0	1	0	1	1	2	1	2	2	2	1	2	0	1	0	0	1	1	1	2	1	0	2	2	2	2	0	0	2	1	1	1	2	0	2	0	2	1	2	1	0	0	2	2	2	2	1	1	1	1	2	0	0	1	2	1	1	1	0	1	1	1	1	1	0	2	2	2	2	1	0	0	0	0	0	0	0	0	0	1	0	0	1	1	0	0	0	2	2	0	2	2	1	2	2	0	0	0	2	2	0	0	2	2	1	1	0	1	2	1	0	0	0	1	0	2	2	2	1	2	0	1	2	0	2	0	2	2	1	1	0	1	0	1	2	1	0	1	0	0	1	1	0	1	1	0	0	1	1	2	2	0	1	0	2	1	2	0	1	0	2	1	1	0	0	2	1	1	1	1	2	2	0	2	0	0	1	1	2	0	0	2	2	2	1	2	2	1	1	0	0	1	2	2	2	1	2	2	2	2	0	0	0	1	1	0	2	2	1	0	0	0	0	0	0	1	1	2	2	1	0	2	2	2	2	2	2	1	1	0	1	0	1	2	1	0	0	1	2	2	0	0	1	0	2	0	1	0	0	1	1	2	2	2	1	2	1	1	0	0	0	1	1	0	0	0	0
chr22	16080000	16080000	16.080000	16.080000	1	2	2	2	1	2	2	1	0	1	2	2	2	0	2	0	0	2	2	1	2	1	1	2	0	2	0	2	2	1	0	0	0	2	2	0	0	2	1	1	1	0	0	0	0	0	1	0	2	0	0	2	0	1	0	0	0	2	2	0	1	1	1	2	0	2	2	2	0	0	1	0	2	1	2	0	1	1	1	0	0	2	2	0	0	1	2	0	1	1	1	1	0	0	1	0	0	1	2	2	2	0	1	0	0	2	1	2	1	1	0	1	1	2	0	2	2	1	0	1	0	2	2	0	0	0	0	2	2	2	1	1	1	0	0	1	0	1	1	2	1	2	2	2	1	2	0	1	0	0	1	1	1	2	1	0	2	2	2	2	0	0	2	1	1	1	2	0	2	0	2	1	2	1	0	0	2	2	2	2	1	1	1	1	2	0	0	1	2	1	1	1	0	1	1	1	1	1	0	2	2	2	2	1	0	0	0	0	0	0	0	0	0	1	0	0	1	1	0	0	0	2	2	0	2	2	1	2	2	0	0	0	2	2	0	0	2	2	1	1	0	1	2	1	0	0	0	1	0	2	2	2	1	2	0	1	2	0	2	1	2	2	1	1	0	1	0	1	2	1	0	1	0	0	1	1	0	1	1	0	0	1	1	2	2	0	1	0	2	1	2	0	1	0	2	1	1	0	0	2	1	1	1	1	2	2	0	2	0	0	1	1	2	0	0	2	2	2	1	2	2	1	1	0	0	1	2	2	2	1	2	2	2	2	0	0	0	1	1	0	2	2	1	0	0	0	0	0	0	1	1	2	2	1	0	2	2	2	2	2	2	1	1	0	1	0	1	2	1	2	0	1	2	2	0	0	1	0	2	0	1	0	0	1	1	2	2	2	1	2	1	1	0	0	0	1	1	0	0	0	0
chr22	16085000	16085000	16.085000	16.085000	1	2	2	2	1	2	2	1	0	1	2	2	2	0	2	0	0	2	2	1	2	1	1	2	0	2	0	2	2	1	0	0	0	2	2	0	0	2	1	1	1	0	0	0	0	0	1	0	2	0	0	2	0	1	0	0	0	2	2	0	1	1	1	2	0	2	2	2	0	0	1	0	2	1	2	0	1	1	1	0	0	2	2	0	0	1	2	0	1	1	1	1	0	0	1	0	0	1	2	2	2	0	1	0	0	2	1	2	1	1	0	1	1	2	0	2	2	1	0	1	0	2	2	0	0	0	0	2	2	2	1	1	1	0	0	1	0	1	1	2	1	2	2	2	1	2	0	1	0	0	1	1	1	2	1	0	2	2	2	2	0	0	2	1	1	1	2	0	2	0	2	1	2	1	0	0	2	2	2	2	1	1	1	1	2	0	0	1	2	1	1	1	0	1	1	1	1	1	0	2	2	2	2	1	0	0	0	0	0	0	0	0	0	1	0	0	1	1	0	0	0	2	2	0	2	2	1	2	2	0	0	0	2	2	0	0	2	2	1	1	1	1	2	1	0	0	0	1	0	2	2	2	1	2	0	1	2	0	2	1	2	2	1	1	0	1	0	1	2	1	0	1	0	0	1	1	0	1	1	0	0	1	1	2	2	0	1	0	2	1	2	0	1	0	2	1	1	0	0	2	1	1	1	1	2	2	0	2	0	0	1	1	2	0	0	2	2	2	1	2	1	1	1	0	0	1	2	2	2	1	2	2	2	2	0	0	0	1	1	0	2	2	1	0	0	0	0	0	0	1	1	2	2	1	0	2	2	2	2	2	2	1	1	0	1	0	1	2	1	2	0	1	2	2	0	0	1	0	2	0	1	0	0	1	1	2	2	2	1	2	1	1	0	0	0	1	1	0	0	0	0
chr22	16090000	16090000	16.090000	16.090000	1	2	2	2	1	2	2	1	0	1	2	2	2	0	2	0	0	2	2	1	2	1	1	2	0	2	0	2	2	1	0	0	0	2	2	0	0	2	1	1	1	0	0	0	0	0	1	0	2	0	0	2	0	1	0	0	0	2	2	0	1	1	1	2	0	2	2	2	2	0	1	0	2	1	2	0	1	1	1	0	0	2	0	0	0	1	2	0	1	1	1	1	0	0	1	0	0	1	2	2	2	0	1	0	0	2	1	2	1	1	0	1	1	2	0	2	2	1	0	1	0	2	2	0	0	0	0	2	2	2	1	1	1	0	0	1	0	1	1	2	1	2	2	2	1	1	0	1	0	0	1	1	1	2	1	0	2	2	2	2	0	0	2	1	1	1	2	0	2	0	2	1	2	1	0	0	2	2	2	2	1	1	1	1	2	0	0	1	2	1	1	1	0	1	1	1	1	1	0	2	2	2	2	1	0	0	0	0	0	0	0	0	0	1	0	0	1	1	0	0	0	2	2	0	2	2	1	2	2	0	0	0	2	2	0	0	2	2	1	1	1	1	2	1	0	0	0	1	0	2	2	2	1	2	0	1	2	0	2	1	2	2	1	1	0	1	0	1	2	2	0	1	0	0	1	1	0	1	1	0	0	1	1	2	2	0	1	0	2	1	2	0	1	0	2	1	1	0	0	2	1	1	1	1	2	2	0	2	0	0	1	1	2	0	0	2	2	2	1	2	1	1	1	0	0	1	2	2	2	1	2	2	2	2	0	0	0	1	1	0	2	2	1	0	0	0	0	0	0	1	1	2	2	1	0	2	2	2	2	2	2	1	1	0	1	0	1	2	1	2	0	1	1	2	0	0	1	0	2	0	1	0	0	1	1	2	2	2	1	2	1	1	0	0	0	1	1	0	0	0	0
chr22	16095000	16095000	16.095000	16.095000	1	2	2	2	1	2	2	1	0	1	2	2	2	0	2	0	0	2	2	1	2	1	1	2	0	2	0	2	2	1	0	0	0	2	2	0	0	2	1	1	1	0	0	0	0	0	1	0	2	0	0	2	0	1	0	0	0	2	2	0	1	1	1	2	0	2	2	2	2	0	1	0	2	1	2	0	1	1	1	0	0	2	0	0	0	1	2	0	1	1	1	1	0	0	1	0	0	1	2	2	2	0	1	0	0	2	1	2	1	1	0	1	1	2	0	2	2	1	0	1	0	2	2	0	0	0	0	2	2	2	1	1	1	0	0	1	0	1	1	1	1	2	2	2	1	1	0	1	0	0	1	1	1	2	1	0	2	2	2	2	0	0	2	1	1	1	2	0	2	0	2	1	2	1	0	0	2	2	2	2	1	1	1	1	2	0	0	1	2	1	1	1	0	1	1	1	1	1	0	2	2	2	2	1	0	0	0	0	0	0	0	0	0	1	0	0	1	1	0	0	0	2	2	0	2	2	1	2	2	0	0	0	2	2	0	0	2	2	1	1	1	1	2	1	0	0	0	1	0	2	2	2	1	2	0	1	2	0	2	1	2	2	1	1	1	1	0	1	2	2	0	1	0	0	1	1	0	1	1	0	0	1	1	2	2	0	1	0	2	1	2	0	1	0	2	1	1	0	0	2	1	1	1	1	2	2	0	2	0	0	1	1	2	0	0	2	2	2	1	2	1	1	1	0	0	1	2	2	2	1	2	2	2	2	0	0	0	1	1	2	2	2	1	0	0	0	0	0	0	1	1	2	2	1	0	2	2	2	2	2	2	1	1	0	1	0	1	2	1	2	0	1	1	2	0	0	1	0	2	0	1	0	0	1	1	2	2	2	1	2	1	1	0	0	0	1	1	0	0	0	0
chr22	16100000	16100000	16.100000	16.100000	1	2	2	2	1	2	2	1	0	1	2	2	2	0	2	0	0	2	2	1	2	1	1	2	0	2	0	2	2	1	0	0	0	2	2	0	0	2	1	1	1	0	0	0	0	0	1	0	2	0	0	2	0	1	0	0	0	2	2	0	1	1	1	2	0	2	2	2	2	0	1	0	2	1	2	0	1	1	1	0	0	2	0	0	0	1	2	0	1	1	1	1	0	0	1	0	0	1	2	2	2	0	1	0	0	2	1	2	1	1	0	1	1	2	0	2	2	1	0	1	0	2	2	0	0	0	0	2	2	2	1	1	1	0	0	1	0	1	1	1	1	2	2	2	1	1	0	1	0	0	1	1	1	2	1	0	2	2	2	2	0	0	2	1	1	1	2	0	2	0	2	1	2	1	0	0	2	2	2	2	1	1	1	1	2	0	0	1	2	1	1	1	0	1	0	1	1	1	0	2	2	2	2	1	0	0	0	0	0	0	0	0	0	1	0	0	1	1	0	0	0	2	2	0	2	2	1	2	2	0	0	0	2	2	0	0	2	2	1	1	1	1	2	1	0	0	0	1	0	2	2	2	1	2	0	1	2	0	2	1	2	2	1	1	1	1	0	1	2	2	0	1	0	0	1	1	0	1	1	0	0	1	1	2	2	0	1	0	2	1	2	0	1	0	2	1	0	0	0	2	1	1	1	1	2	2	0	2	0	0	1	1	2	0	0	2	2	2	1	2	1	0	1	0	0	1	2	2	2	1	2	2	2	2	0	0	0	1	1	2	2	2	1	0	0	0	0	0	0	1	1	2	2	1	0	2	2	2	2	2	2	1	1	0	1	0	1	2	1	2	0	1	1	2	0	0	1	0	2	0	1	0	0	1	1	2	2	2	1	2	1	1	0	0	0	1	1	0	0	0	0
chr22	16105000	16105000	16.105000	16.105000	1	2	2	2	1	2	2	1	0	1	2	2	2	0	2	0	0	2	2	1	2	1	1	2	0	2	0	2	2	1	0	0	0	2	2	0	0	2	1	1	1	0	0	0	0	0	1	0	2	0	0	2	0	1	0	0	0	2	2	0	1	1	1	2	0	2	2	2	2	0	1	0	2	1	2	0	1	1	1	0	0	2	0	0	0	1	2	0	1	1	1	1	0	0	1	0	0	1	2	2	2	0	1	0	0	2	1	2	1	1	0	1	1	2	0	2	2	1	0	1	0	2	2	0	0	0	0	2	2	2	1	1	1	0	0	1	0	1	1	1	1	2	2	2	1	1	0	1	0	0	1	1	1	2	1	0	2	2	2	2	0	0	2	1	1	1	2	0	2	0	2	1	2	1	0	0	2	2	2	2	1	1	1	1	1	0	0	1	2	1	1	1	0	1	0	1	1	1	0	2	2	2	2	1	0	0	0	0	0	0	0	0	0	1	0	0	1	1	0	0	0	2	2	0	2	2	1	2	2	0	0	0	2	2	0	0	2	2	1	1	1	1	2	1	0	0	0	1	0	2	2	2	1	2	0	1	2	0	2	1	2	2	1	1	1	1	0	1	2	2	0	1	0	0	1	1	0	1	1	0	0	1	1	2	1	0	1	0	2	1	2	0	1	0	2	1	0	0	0	2	1	1	1	1	2	2	0	2	0	0	1	1	2	0	0	2	2	2	1	2	1	0	1	0	0	1	2	2	2	1	2	2	2	2	0	0	0	1	1	2	2	2	1	0	0	0	0	0	0	1	1	2	2	1	1	2	2	2	2	2	2	1	1	0	1	0	1	2	1	0	0	1	1	2	0	0	1	0	2	0	1	0	0	1	1	2	2	2	1	2	1	1	0	0	0	1	1	0	0	0	0
chr22	16110000	16110000	16.110000	16.110000	1	2	2	2	1	2	2	1	0	1	2	2	2	0	2	0	0	2	2	1	2	1	1	2	0	2	0	2	2	1	0	0	0	2	2	0	0	2	1	1	1	0	0	0	0	0	2	0	2	0	0	2	0	1	0	0	0	2	2	0	1	1	1	2	0	2	2	2	2	0	1	0	2	1	2	0	1	1	1	0	0	2	0	0	0	1	2	0	1	1	1	1	2	0	1	0	0	1	2	2	2	0	1	0	0	2	1	2	1	1	0	1	1	2	0	2	2	1	0	1	0	2	2	0	0	0	0	2	2	2	1	1	1	0	0	1	0	1	1	1	1	2	2	2	1	1	0	1	0	0	1	1	1	2	1	0	2	2	2	0	0	0	2	1	1	1	2	0	2	0	2	1	2	1	0	0	2	2	2	2	1	1	1	1	1	0	0	1	2	1	1	1	0	1	0	1	1	1	0	2	2	2	2	1	0	0	0	0	0	0	0	0	0	1	0	0	1	1	0	0	0	2	2	0	2	2	1	2	2	0	0	0	2	1	0	0	2	2	1	1	1	1	2	1	0	0	0	1	0	2	2	2	1	2	0	1	2	0	1	1	2	2	1	1	1	1	0	1	2	2	0	1	0	0	1	1	0	1	1	0	0	1	1	2	1	0	1	0	2	1	2	0	1	0	2	1	0	0	0	2	1	1	1	1	2	2	0	2	0	0	1	1	2	0	0	2	2	2	1	2	1	0	1	0	0	1	2	2	2	1	2	2	2	2	0	0	0	1	1	2	2	2	1	1	0	0	0	0	0	1	1	2	2	1	1	2	2	2	2	2	2	1	1	0	1	0	1	2	1	0	0	1	1	2	0	1	1	0	2	0	1	0	0	1	1	2	2	2	1	2	1	1	0	0	0	1	1	0	0	0	0
chr22	16115000	16115000	16.115000	16.115000	1	2	2	0	1	2	2	1	0	1	2	2	2	0	2	0	0	2	2	1	2	1	1	2	0	2	0	2	2	1	0	0	0	2	2	0	0	2	1	1	1	0	0	0	0	0	2	0	2	0	0	2	0	1	0	0	0	2	2	0	1	1	1	2	0	2	2	2	2	0	1	0	2	1	2	0	1	1	1	0	1	2	0	0	0	1	2	0	1	1	1	1	2	0	1	0	0	1	2	2	2	0	1	0	0	2	1	2	1	1	0	1	1	2	0	2	2	1	0	1	0	2	2	0	0	0	0	1	2	2	1	1	1	0	0	1	0	1	1	1	1	2	2	2	1	1	0	1	0	0	1	1	1	2	1	0	2	2	2	0	0	0	2	1	1	1	2	0	2	0	2	1	2	1	0	0	2	2	2	2	1	1	1	1	1	0	0	1	2	1	1	1	0	1	0	1	1	1	0	2	2	2	2	1	0	0	0	0	0	0	0	0	0	1	0	0	1	1	0	0	0	2	2	0	2	2	1	2	2	0	0	0	0	1	0	0	2	2	1	0	1	1	2	1	0	0	0	1	0	2	2	2	1	2	0	1	2	0	1	1	2	2	1	1	1	1	0	1	2	2	0	1	0	0	1	1	0	1	1	0	0	1	1	2	1	0	1	0	2	1	2	0	1	0	2	1	0	0	0	2	1	1	1	1	2	2	0	2	0	0	1	1	2	0	0	2	2	2	1	1	1	0	1	0	0	1	2	2	2	1	2	2	2	2	0	0	0	1	1	2	2	2	1	1	0	0	0	0	0	1	1	2	2	1	1	2	2	2	2	2	2	1	1	0	1	0	1	2	1	0	0	1	1	2	0	1	1	0	2	0	1	0	0	1	1	2	2	2	1	2	1	1	0	0	0	1	1	0	0	0	0
chr22	16120000	16120000	16.120000	16.120000	1	2	2	0	1	2	2	1	0	1	2	2	2	0	2	0	0	2	2	1	2	1	1	2	0	2	0	2	2	1	0	0	0	2	2	0	0	2	1	1	1	0	0	0	0	0	2	0	2	0	0	2	0	1	0	0	0	2	2	0	1	1	1	2	0	2	2	2	2	0	1	0	2	1	2	0	1	1	1	0	1	2	0	0	0	1	2	0	1	1	1	1	2	0	1	0	0	1	2	2	2	0	1	0	0	2	1	2	1	1	0	1	1	2	0	2	2	1	0	1	0	2	2	0	0	0	0	1	2	2	0	1	1	0	0	1	0	1	1	1	1	2	2	2	1	1	0	1	0	0	1	1	1	2	1	0	2	2	2	0	0	0	2	1	1	1	2	0	2	0	2	1	2	1	0	0	2	2	2	1	1	1	1	1	1	0	0	1	2	1	1	1	0	1	0	1	1	1	0	2	2	2	2	1	0	0	0	0	0	2	0	0	0	1	0	0	1	1	0	0	0	2	2	0	2	2	1	2	2	0	0	0	0	1	0	0	2	2	1	0	1	1	2	1	0	0	0	1	0	2	2	2	1	2	0	1	2	0	1	1	2	2	1	1	1	1	0	1	2	2	0	1	0	0	1	1	0	1	1	0	0	1	1	2	1	0	1	0	2	1	2	0	1	0	2	1	0	0	0	2	1	1	1	1	2	2	0	2	0	0	1	1	2	2	0	2	2	2	1	1	1	0	1	0	0	1	2	2	2	1	2	2	2	2	0	0	0	1	1	2	2	2	1	1	0	0	0	0	0	1	1	2	2	1	1	2	2	2	2	2	2	1	1	0	1	0	1	2	1	0	0	1	1	2	0	1	1	0	2	0	1	0	0	1	1	2	2	2	1	2	1	1	0	2	0	1	1	0	0	0	0
chr22	16125000	16125000	16.125000	16.125000	1	2	2	0	1	2	2	1	0	1	2	2	2	0	2	0	0	2	2	1	2	1	1	2	0	2	0	2	2	1	0	0	0	2	2	0	2	2	1	1	1	0	0	0	0	0	0	0	2	0	0	2	0	1	0	0	0	2	2	0	1	1	1	2	0	2	2	2	2	0	1	0	2	1	2	0	1	1	1	0	1	2	0	0	0	1	2	0	1	1	1	1	2	0	1	0	0	1	2	2	2	0	1	0	0	2	1	2	1	1	0	1	1	2	0	2	2	1	0	1	2	2	2	0	0	0	0	1	2	2	0	1	1	0	0	1	0	1	1	1	1	2	2	2	1	1	0	1	0	0	1	1	1	2	1	0	0	2	2	0	0	0	2	1	1	1	2	0	2	0	2	1	2	1	0	0	2	2	2	1	1	1	1	1	1	0	0	1	2	1	1	1	0	1	0	1	1	1	0	2	2	2	2	1	0	0	0	0	0	2	0	0	0	1	0	0	1	1	0	0	0	2	2	0	2	2	1	2	2	1	0	0	0	1	0	0	2	2	1	0	1	1	2	1	0	0	0	1	0	2	2	2	1	2	0	1	2	0	1	1	2	2	1	1	1	1	0	1	2	2	0	1	0	0	1	1	0	1	1	0	0	1	1	2	1	0	1	0	2	1	2	0	1	0	2	1	0	0	0	2	1	1	1	1	2	2	0	2	0	0	1	1	2	2	0	2	2	2	1	1	1	0	1	0	0	1	2	2	2	1	2	2	2	2	0	0	0	1	1	2	2	2	1	1	0	0	0	0	0	1	1	2	2	1	0	2	2	2	2	2	2	1	1	0	1	0	1	2	1	0	0	1	1	2	0	1	1	0	2	0	1	0	0	1	1	2	2	1	1	2	1	1	1	2	0	1	1	0	0	0	0
chr22	16130000	16130000	16.130000	16.130000	1	2	2	0	1	2	2	1	0	1	2	2	2	0	2	0	0	2	2	1	2	1	1	1	0	2	0	2	2	1	0	0	0	2	2	0	2	2	1	1	1	0	0	0	0	0	0	0	2	0	0	2	0	1	0	0	0	2	2	0	1	1	1	2	0	2	2	2	2	0	1	0	2	1	2	0	1	1	1	0	1	2	0	0	0	1	2	0	1	1	1	1	2	0	1	0	0	1	2	2	2	0	1	0	0	2	1	2	1	1	0	1	1	2	0	2	2	1	0	1	2	2	2	0	0	0	0	1	2	2	0	1	1	0	0	1	0	1	2	1	1	2	2	2	1	1	0	1	0	0	1	1	1	2	1	0	0	2	2	0	0	0	2	1	1	1	2	0	2	0	2	1	2	1	0	0	2	2	2	1	1	1	1	1	1	0	0	1	2	1	2	1	0	1	0	1	1	1	0	2	2	2	2	1	0	0	0	0	0	2	0	0	0	1	0	0	1	1	0	0	0	2	2	0	2	2	1	2	2	1	0	0	0	1	0	0	2	2	1	0	1	1	2	1	0	0	0	1	0	2	2	2	1	2	0	1	2	0	1	1	2	2	1	1	1	1	0	1	2	0	0	1	0	0	1	1	0	1	1	0	0	1	1	2	1	0	1	0	2	1	2	0	1	0	2	1	0	0	0	2	1	1	1	1	2	2	0	2	0	0	1	1	2	2	0	2	2	2	1	1	1	0	1	0	0	1	2	2	2	1	2	2	2	2	0	0	0	1	1	2	2	2	1	1	0	0	0	0	0	1	1	2	2	1	0	2	2	2	2	2	2	1	1	0	1	0	1	2	1	0	0	1	1	2	0	1	1	0	2	0	1	0	0	1	1	2	2	1	1	2	1	1	1	2	0	1	0	0	0	0	0
chr22	16135000	16135000	16.135000	16.135000	1	2	2	0	1	2	2	1	0	1	2	2	2	0	2	0	0	2	2	1	2	1	1	1	0	2	0	2	2	0	0	0	0	2	2	0	2	2	1	1	1	0	0	0	0	0	0	0	2	0	0	2	0	1	0	0	0	2	2	0	1	1	1	2	0	2	2	2	2	0	1	0	2	1	2	0	1	1	1	0	1	2	0	0	0	1	2	0	1	1	1	1	2	0	1	0	0	1	2	2	2	0	1	0	0	2	1	2	1	1	0	1	1	2	0	2	2	1	0	1	2	2	2	0	0	0	0	1	2	2	0	1	1	0	0	1	1	1	2	1	1	2	2	2	1	1	0	1	0	0	1	1	1	2	1	0	0	2	2	0	0	0	2	1	1	1	2	0	2	0	2	1	2	1	0	1	2	2	2	1	1	1	1	1	1	0	0	1	2	1	2	1	0	1	0	1	1	1	0	2	2	2	2	1	0	0	0	0	0	2	0	0	0	1	0	0	1	1	0	0	0	2	2	0	2	2	1	2	2	1	0	0	0	1	0	0	2	2	1	0	1	1	2	1	0	0	0	1	0	2	2	2	1	2	0	1	2	0	1	1	2	2	1	1	1	1	0	1	2	0	0	1	0	0	1	1	0	1	1	0	0	1	1	2	1	0	1	0	2	1	2	0	1	0	2	1	0	0	0	2	1	1	1	1	2	2	0	2	0	0	1	1	2	2	0	2	2	2	1	1	1	0	1	0	0	2	2	2	2	1	2	2	2	2	0	0	0	1	1	2	2	2	1	1	0	0	0	0	0	1	1	2	2	1	0	2	2	2	2	2	2	1	1	0	1	0	1	2	1	0	0	1	1	2	0	1	1	0	2	0	1	0	0	2	1	2	2	1	1	2	1	1	1	2	0	1	0	0	0	0	0
chr22	16140000	16140000	16.140000	16.140000	1	2	2	0	1	2	2	1	0	1	2	2	2	0	2	0	0	2	2	1	2	1	1	1	0	2	0	2	2	0	0	0	0	2	2	0	2	2	1	1	1	0	0	0	0	0	0	0	2	0	0	2	0	1	0	0	0	2	2	0	1	1	1	2	0	2	2	2	2	0	1	0	2	1	2	0	1	1	1	0	1	2	0	0	0	1	2	0	1	1	1	1	2	0	1	0	0	1	2	2	2	0	1	0	0	2	1	2	1	1	0	1	1	2	0	2	2	1	0	1	2	2	2	0	0	0	0	1	2	2	0	1	1	0	0	1	1	1	2	1	1	2	2	2	1	1	0	1	0	0	1	1	1	2	1	0	0	2	2	0	0	2	2	1	1	1	2	0	2	0	2	1	2	1	0	1	2	2	2	1	1	1	1	1	1	0	0	1	2	1	2	1	0	1	0	1	1	1	0	2	2	2	2	1	0	0	2	0	0	2	0	0	0	1	0	0	1	1	0	0	0	2	2	0	2	2	1	2	2	1	0	0	0	1	0	0	2	2	1	0	1	1	2	1	0	0	0	1	0	2	2	2	1	2	0	1	2	0	1	1	2	2	1	1	1	1	0	1	2	0	0	1	0	0	1	1	0	1	1	0	0	1	1	2	1	0	1	0	1	1	2	2	1	0	2	1	0	0	0	2	1	1	1	1	2	2	0	2	0	0	1	1	2	2	2	2	2	2	1	1	1	0	1	0	0	2	2	2	2	1	2	2	2	2	0	0	2	1	1	2	2	2	1	1	0	0	0	0	0	1	1	2	2	1	0	2	2	2	2	2	2	1	1	0	1	0	1	2	1	0	0	1	1	2	0	1	1	0	2	0	1	0	0	2	1	2	2	1	1	2	1	1	1	2	0	1	0	0	0	0	0
chr22	16145000	16145000	16.145000	16.145000	1	2	2	0	1	2	2	1	0	1	2	2	2	0	2	0	0	2	2	1	2	1	1	1	0	2	0	2	2	0	0	0	0	2	2	0	2	2	1	1	1	0	0	0	0	0	0	0	2	0	0	2	0	1	0	0	2	2	2	0	1	1	1	2	0	2	2	2	2	0	1	0	2	1	2	0	1	1	1	0	1	2	0	0	0	1	2	0	1	1	1	1	2	0	1	0	0	1	2	2	2	0	1	0	0	2	1	2	1	1	0	1	1	2	0	2	2	1	0	1	2	2	2	0	0	0	0	1	2	2	0	1	1	0	0	1	1	1	2	1	1	2	2	2	1	1	0	1	0	0	1	1	1	2	1	0	0	2	2	0	0	2	2	1	1	1	2	0	2	0	2	1	2	1	0	1	2	2	2	1	1	1	1	1	1	0	0	1	2	1	2	1	0	1	0	1	1	1	0	2	2	2	2	1	0	0	2	0	0	2	0	0	0	1	0	0	1	1	0	0	0	2	2	0	2	2	1	2	2	1	0	0	0	1	0	0	2	2	1	0	1	1	2	1	0	0	0	1	0	2	2	2	1	2	0	1	2	0	1	1	2	2	1	1	1	1	0	1	0	0	0	1	0	0	1	1	0	1	1	0	0	1	1	2	1	0	1	0	1	1	2	2	1	0	2	1	0	0	0	2	1	1	1	1	2	2	0	2	0	0	1	1	2	2	2	2	2	2	1	1	1	0	1	0	0	2	2	2	2	1	2	2	2	2	0	0	2	1	1	2	2	2	1	1	0	0	0	0	0	1	1	2	2	1	0	2	2	2	2	2	2	1	1	0	1	0	1	2	1	0	0	1	1	2	0	1	1	0	2	0	1	0	0	2	1	2	2	1	1	2	1	1	1	2	0	1	0	0	0	0	0
chr22	16150000	16150000	16.150000	16.150000	1	2	2	0	1	2	2	1	0	1	2	2	2	0	2	0	0	2	2	1	2	1	1	1	0	2	0	2	2	0	0	0	0	2	2	0	2	2	1	1	1	0	0	0	0	0	0	0	2	0	0	2	2	1	0	0	2	2	2	0	1	1	1	2	0	2	2	2	2	0	1	0	2	1	2	0	1	1	1	0	1	2	0	0	0	1	2	0	1	1	1	1	2	0	1	0	0	1	2	2	2	0	1	0	0	2	1	2	1	1	0	1	1	2	0	2	2	1	0	1	2	2	2	0	0	0	0	1	2	2	0	1	1	0	0	1	1	1	2	1	1	2	2	0	1	1	0	1	0	0	1	1	1	2	1	0	0	2	2	0	0	2	2	1	1	1	2	0	2	0	2	1	2	1	0	1	2	2	2	1	1	1	1	1	1	0	0	1	2	1	2	1	0	1	0	1	1	1	0	2	2	2	2	1	0	0	2	0	0	2	0	0	0	1	0	0	1	1	0	0	0	2	2	0	2	2	1	2	2	1	0	0	0	1	0	0	2	2	1	0	1	1	2	1	0	0	0	1	0	2	2	2	1	2	0	1	2	0	1	1	2	2	1	1	1	1	0	1	0	0	0	1	0	0	1	1	0	1	1	0	0	1	1	2	1	0	1	0	1	1	2	2	1	0	2	1	0	0	0	2	1	1	1	1	2	2	0	2	0	0	1	1	2	2	2	2	2	2	1	1	1	0	1	0	0	2	2	2	2	1	2	2	2	2	0	0	2	1	1	2	2	2	1	1	0	0	0	0	0	1	1	2	2	1	0	2	2	2	2	2	2	1	1	0	1	0	1	2	1	0	0	1	1	2	0	1	1	0	2	0	1	0	0	2	1	2	2	1	1	0	1	1	1	2	0	1	0	0	0	0	0
chr22	16155000	16155000	16.155000	16.155000	1	2	2	0	1	2	2	1	0	1	2	2	2	0	2	0	0	2	2	1	2	1	1	1	0	2	0	2	2	0	0	0	0	2	2	0	2	2	1	1	1	0	0	0	0	0	0	0	2	0	0	2	2	1	0	0	2	2	2	0	1	1	1	2	0	2	2	2	2	0	1	0	2	1	2	0	1	1	1	0	1	2	0	0	0	1	2	0	1	1	1	1	2	0	1	0	0	1	2	2	2	0	1	0	0	2	1	2	1	1	0	1	1	2	0	2	2	1	0	1	2	2	2	0	0	0	0	1	2	2	0	1	1	0	0	1	1	1	2	1	1	2	2	0	1	1	0	1	0	0	1	1	1	2	1	0	0	2	2	0	0	2	2	1	1	1	2	0	2	0	2	1	2	1	0	1	2	2	2	1	1	1	1	1	1	0	0	1	2	1	2	1	0	1	0	1	1	1	0	2	2	2	2	1	0	0	2	0	0	2	0	0	0	1	0	0	1	1	0	0	0	2	2	0	2	2	1	2	2	1	0	0	0	1	0	0	2	2	1	0	1	1	2	1	1	0	0	1	0	2	2	2	0	2	0	1	2	0	1	1	2	2	1	1	1	1	0	1	0	0	0	1	0	0	1	1	0	1	1	0	0	1	1	2	1	0	1	0	1	1	2	2	1	0	2	1	0	0	0	2	1	1	1	1	2	2	0	2	0	0	1	1	2	2	2	2	2	2	1	1	1	0	1	0	0	2	2	2	2	1	2	2	2	2	0	0	2	1	1	2	2	2	1	1	0	0	0	0	0	1	1	2	2	1	0	2	2	2	2	2	2	1	1	0	1	0	1	2	1	0	0	1	1	2	0	1	1	0	2	0	1	0	0	2	1	2	2	1	1	0	1	1	1	2	0	1	0	0	0	0	0
chr22	16160000	16160000	16.160000	16.160000	1	2	2	0	1	2	2	1	0	1	2	2	2	0	2	0	0	2	2	1	2	1	1	1	0	2	0	2	2	0	0	0	0	2	2	0	2	2	1	1	1	0	0	0	0	0	0	0	2	0	0	2	2	0	0	0	2	2	2	0	1	1	1	2	0	2	2	2	2	0	1	0	2	1	1	0	1	1	1	0	1	2	0	0	0	1	2	0	1	1	1	1	2	0	1	0	0	1	2	2	2	0	1	0	0	2	1	2	1	1	0	1	1	2	0	2	2	1	0	1	2	2	2	0	0	0	0	1	2	2	0	1	1	0	0	1	1	1	1	1	1	2	2	0	1	1	0	1	0	0	1	1	1	2	1	0	0	2	1	0	0	2	2	2	1	1	2	0	2	0	2	1	2	1	0	1	2	1	2	1	1	1	1	1	1	0	0	1	2	1	2	1	0	1	0	1	1	1	0	2	2	2	2	1	0	0	2	0	0	2	0	0	0	1	0	0	1	1	0	0	0	2	2	0	2	2	1	2	2	1	0	0	0	1	0	0	2	2	1	0	1	1	2	1	1	0	0	1	0	2	2	2	0	2	0	1	2	0	1	1	2	2	1	1	1	1	0	1	0	0	0	1	0	0	1	1	0	1	1	0	0	1	1	2	1	0	1	0	1	1	0	2	1	0	2	1	0	0	0	2	1	1	1	1	2	2	0	2	0	0	1	1	2	2	2	2	2	2	1	1	1	0	1	0	0	2	2	2	2	1	2	2	2	2	0	0	2	1	1	2	2	2	1	1	0	0	0	0	0	1	1	2	2	1	0	2	2	2	2	2	2	1	1	0	1	0	1	2	1	0	0	1	1	2	0	1	2	0	2	0	1	0	0	2	1	2	2	1	1	0	1	1	1	2	0	1	0	0	0	0	0
chr22	16165000	16165000	16.165000	16.165000	1	2	2	0	1	2	2	1	0	1	1	2	2	0	2	0	0	2	2	1	2	1	1	1	0	2	0	2	2	0	0	0	0	2	2	0	2	2	1	1	1	0	0	0	0	0	0	0	2	0	0	2	2	0	0	0	2	2	2	0	1	1	1	2	0	2	2	2	2	0	1	0	2	1	1	0	1	1	1	0	1	2	0	0	0	1	2	0	1	1	1	1	2	0	1	0	0	1	2	2	2	0	1	0	0	2	1	2	1	1	0	1	1	2	0	2	2	1	0	1	2	2	2	0	0	0	0	1	2	2	0	1	1	0	0	1	1	1	1	1	1	2	2	0	1	1	0	1	0	0	1	1	1	2	1	0	0	2	1	0	0	2	2	2	1	1	2	0	2	0	2	1	2	1	0	1	2	1	2	1	1	1	1	1	1	0	0	1	2	1	2	1	0	1	0	1	1	1	0	2	2	2	2	1	0	0	2	0	0	2	0	0	0	1	0	0	1	1	0	0	0	2	2	0	2	2	1	2	2	1	0	0	0	1	0	0	2	2	1	0	1	1	2	1	1	0	2	1	0	2	2	2	0	2	0	0	2	0	1	1	2	2	1	1	1	1	0	1	1	0	0	1	0	0	1	1	0	1	1	0	0	1	1	2	1	0	1	0	1	1	0	2	1	0	2	1	0	0	0	2	1	1	1	1	2	2	0	2	0	0	1	1	2	2	2	2	2	2	1	1	1	0	1	0	0	2	2	2	2	1	2	2	2	2	0	0	2	1	1	2	2	2	1	1	0	0	0	0	0	1	1	2	2	1	0	2	2	2	2	2	2	1	1	0	1	0	1	2	1	0	0	1	1	2	0	1	2	1	2	0	1	0	0	2	1	2	2	1	1	0	1	1	1	2	0	1	0	0	0	0	0
chr22	16170000	16170000	16.170000	16.170000	1	2	2	0	1	2	2	1	0	1	1	2	2	0	2	0	0	2	2	1	2	1	1	1	0	2	0	2	2	0	0	0	0	2	2	0	2	2	1	1	1	0	0	0	0	0	0	0	2	0	0	2	2	0	0	0	2	2	2	0	1	1	1	2	0	2	2	2	2	0	1	0	2	1	1	0	1	1	1	0	1	2	0	0	0	1	2	0	1	1	1	1	2	0	1	0	0	1	2	2	2	0	1	0	0	2	1	2	1	1	0	1	1	2	0	2	2	1	0	1	2	2	2	0	0	0	0	1	2	2	0	1	1	0	0	1	1	1	1	1	1	2	2	0	1	1	0	1	0	0	1	1	1	2	1	0	0	2	1	0	0	2	2	2	2	1	2	0	2	0	2	1	2	1	0	2	2	1	2	1	1	1	1	1	1	0	0	1	2	1	2	0	0	1	0	1	1	1	0	2	2	2	2	1	0	0	2	0	0	2	0	0	0	1	0	0	1	1	0	0	0	2	2	0	2	2	1	2	2	1	0	0	0	1	0	0	2	2	1	0	1	1	2	1	1	0	2	1	0	2	2	2	0	2	0	0	2	0	1	1	2	2	1	1	1	1	0	1	1	0	0	1	0	0	1	1	0	1	1	0	0	1	1	2	1	0	1	0	1	1	0	2	1	0	2	1	0	0	0	2	1	1	1	1	2	2	0	2	0	0	1	1	2	2	2	2	2	2	1	1	1	0	1	0	0	2	2	2	2	1	2	2	2	2	2	0	2	1	1	2	2	2	1	1	0	0	0	0	0	1	1	2	2	1	0	2	2	2	2	2	2	1	1	0	1	0	1	2	1	0	0	1	1	2	0	1	2	1	2	0	1	0	0	2	1	2	2	1	1	0	1	1	1	2	0	1	0	0	0	0	0
chr22	16175000	16175000	16.175000	16.175000	1	2	2	0	1	2	2	1	0	1	1	2	2	0	2	0	0	2	2	1	2	1	1	1	0	2	0	2	2	0	0	0	0	2	2	1	2	2	1	1	1	0	0	0	0	0	0	0	2	2	0	2	2	0	0	0	2	2	2	0	1	1	1	2	0	2	2	2	2	0	1	0	2	1	1	0	1	1	1	0	1	2	0	0	0	1	2	0	1	1	1	1	2	0	1	0	0	1	2	2	2	0	1	0	0	2	1	2	1	1	0	1	1	2	0	2	2	1	0	1	2	2	2	0	0	0	0	1	2	2	0	1	1	0	0	1	1	2	1	1	1	2	2	0	1	1	0	1	0	0	1	1	1	2	1	0	0	2	1	0	0	2	2	1	2	1	2	0	2	0	2	1	2	1	0	2	2	1	2	1	1	1	1	1	1	0	0	1	2	1	2	0	0	1	0	1	1	1	0	2	2	2	2	1	0	0	2	0	0	2	0	0	0	1	0	0	1	1	0	0	0	2	2	0	2	2	1	2	2	1	0	0	0	1	0	0	2	2	1	0	1	1	2	1	1	0	2	0	0	2	2	2	0	2	0	0	2	0	1	1	2	2	1	1	1	1	0	1	1	0	0	1	0	0	1	1	0	1	1	0	0	1	1	2	1	0	1	0	1	1	0	2	1	0	2	1	0	0	0	2	2	1	1	1	2	2	0	2	0	0	1	1	2	2	2	2	2	2	1	1	1	0	1	0	0	2	2	2	2	1	2	2	2	2	2	0	2	1	1	2	2	2	1	1	0	0	0	0	0	1	1	2	2	1	0	2	2	2	2	2	2	1	1	0	1	0	1	2	0	0	0	1	1	2	0	1	2	1	2	0	1	0	0	2	1	2	2	1	1	0	1	1	1	2	0	1	0	0	0	0	0
chr22	16180000	16180000	16.180000	16.180000	1	2	2	0	1	2	2	1	0	1	1	2	2	0	2	0	0	2	2	1	2	1	1	1	0	2	0	2	2	0	0	0	0	2	2	1	2	2	1	1	1	0	0	0	0	0	0	0	2	2	0	2	2	0	0	0	2	2	2	0	1	1	1	2	0	1	2	2	2	0	1	0	2	1	1	0	1	1	1	0	1	2	0	0	0	1	2	0	1	1	1	1	2	0	1	0	0	1	2	2	2	0	1	0	0	2	1	2	1	1	0	1	1	2	0	2	2	1	0	1	2	2	2	0	0	0	0	1	2	2	0	1	1	0	0	1	1	2	1	1	1	2	2	0	1	1	0	1	0	0	1	1	1	2	1	0	0	2	1	0	0	2	2	1	2	1	2	0	2	0	2	1	2	1	0	2	2	1	2	1	1	1	1	1	1	0	0	1	2	1	2	0	0	1	0	1	1	1	0	2	0	2	2	1	0	0	2	0	0	2	0	0	0	1	0	0	1	1	0	0	0	2	2	0	2	2	1	2	2	1	0	0	0	1	0	0	2	2	1	0	1	1	2	1	1	0	2	0	0	2	2	2	0	2	0	0	2	0	1	1	2	2	1	1	1	1	0	1	1	0	0	1	0	0	1	1	0	1	1	0	0	1	1	2	1	0	1	0	1	1	0	2	1	0	2	1	0	0	0	2	2	1	1	1	2	2	0	2	0	0	1	1	2	2	2	2	2	2	1	1	1	0	1	0	0	2	2	2	2	1	2	2	2	2	2	0	2	1	1	2	2	2	1	1	0	0	0	0	0	1	1	2	2	1	0	2	2	2	2	2	2	1	1	0	1	0	1	2	0	0	0	1	1	2	0	1	2	1	2	0	1	0	0	2	1	2	2	1	1	0	1	1	1	2	0	1	0	0	0	0	0
chr22	16185000	16185000	16.185000	16.185000	1	2	2	1	1	2	2	1	0	1	1	2	2	0	2	0	0	2	2	1	2	1	1	1	0	2	0	2	2	0	0	0	0	2	2	1	2	2	1	1	1	0	0	0	0	0	0	0	2	2	0	2	2	0	0	0	2	2	2	0	1	1	1	2	0	1	2	2	2	0	1	0	2	1	1	0	1	1	1	0	1	2	0	0	0	1	2	0	1	1	1	1	2	0	1	0	0	1	2	2	2	0	1	0	0	2	1	2	1	1	0	1	1	2	0	2	2	1	0	1	2	2	2	0	0	0	0	1	2	2	0	1	1	0	0	1	1	2	1	1	1	2	2	0	1	1	0	1	0	0	1	1	1	2	1	0	0	2	1	0	0	2	2	1	2	1	2	0	2	0	2	2	2	1	0	2	2	1	2	1	1	1	1	1	1	0	0	1	2	1	2	0	0	1	0	1	1	1	0	2	0	2	2	1	0	1	2	0	0	2	0	0	0	1	0	0	1	1	0	0	0	2	2	0	2	0	1	2	2	1	0	0	0	1	0	0	2	2	1	0	1	1	2	1	1	0	2	0	0	2	2	2	0	2	0	0	2	0	1	1	2	2	1	1	1	1	0	1	1	0	0	1	0	0	1	1	0	1	1	0	0	1	1	2	1	0	1	0	1	1	0	2	1	0	2	1	0	0	0	2	2	1	1	1	2	2	0	2	0	0	1	1	2	2	2	2	1	2	1	1	1	0	1	0	0	2	2	2	2	1	2	2	2	2	2	0	2	1	1	2	2	2	1	1	0	0	0	0	0	1	1	2	2	1	0	2	2	2	2	2	2	1	1	0	1	0	1	2	0	0	0	1	1	2	0	1	2	1	2	0	1	0	0	2	1	2	2	1	1	0	1	1	1	2	0	1	0	0	0	0	0
chr22	16190000	16190000	16.190000	16.190000	1	2	2	1	1	2	2	1	0	1	1	2	2	0	2	0	0	2	2	1	2	1	1	1	0	2	0	2	2	0	0	0	0	2	2	1	2	2	1	1	1	0	1	0	0	0	0	0	2	2	2	2	2	0	0	0	2	2	2	0	1	1	1	2	0	1	2	2	2	0	1	0	2	1	1	0	1	1	1	0	1	2	0	0	0	1	2	0	1	1	1	1	2	0	1	0	0	1	2	2	2	1	1	0	0	2	1	2	1	1	0	1	1	2	0	2	2	1	0	1	2	2	2	0	0	0	0	1	2	2	0	2	1	0	0	1	1	2	1	1	1	2	2	0	1	1	0	1	0	0	1	1	1	2	1	0	0	2	1	0	0	2	2	1	2	1	0	0	2	0	2	2	2	1	0	2	2	1	2	1	1	1	1	1	1	0	0	1	2	1	2	0	0	1	0	1	1	1	0	2	0	2	2	1	0	1	2	0	0	2	0	0	0	2	0	0	1	1	0	0	0	2	2	0	2	0	1	2	2	1	0	0	0	1	0	0	2	2	1	0	1	1	2	1	1	0	2	0	0	2	2	2	0	2	0	0	2	0	1	1	2	2	1	1	1	1	0	1	1	0	0	1	0	0	1	1	0	1	1	0	0	1	1	2	1	0	1	0	1	1	0	2	1	0	2	1	0	0	0	2	2	1	1	1	2	2	0	2	0	0	1	1	2	2	2	2	1	2	1	1	1	0	1	0	0	2	2	2	2	1	2	2	2	2	2	0	2	1	1	2	2	2	1	1	0	0	0	0	0	1	1	2	2	1	0	2	2	2	2	2	2	1	1	0	1	0	1	2	0	0	0	1	1	2	0	1	2	1	2	0	1	0	0	2	1	2	2	1	1	0	1	1	1	2	0	1	0	0	0	0	0
chr22	16195000	16195000	16.195000	16.195000	1	2	2	1	1	2	2	1	0	1	1	2	2	0	2	0	0	2	2	1	2	1	1	1	0	2	0	2	2	0	0	0	0	2	2	1	2	2	1	1	1	0	1	0	0	0	0	0	2	2	2	2	2	0	0	0	2	2	2	0	1	1	1	2	0	1	2	2	2	0	1	0	2	1	1	0	1	1	1	0	1	2	0	0	0	1	2	0	1	1	1	1	2	0	1	0	0	1	2	2	2	2	1	0	0	2	1	1	1	1	0	1	1	2	0	2	2	1	0	2	2	2	2	0	0	0	0	1	2	2	0	2	1	0	0	1	1	2	1	1	1	2	2	0	1	1	0	1	0	0	1	1	1	2	1	0	0	2	1	0	0	2	2	1	2	1	0	0	2	0	2	2	2	1	0	2	2	1	2	1	1	1	1	1	1	0	0	1	2	1	2	0	0	1	2	1	1	1	0	2	0	2	2	1	0	1	2	0	0	2	0	0	0	2	0	0	1	1	0	0	0	2	2	0	2	0	1	2	2	1	0	0	0	1	0	0	2	2	1	0	1	1	1	1	1	0	2	0	0	2	2	2	0	2	0	0	2	0	1	1	2	1	1	1	1	1	0	1	1	0	0	1	0	0	1	1	0	1	1	0	0	1	1	2	1	0	1	0	1	1	0	2	1	0	2	1	0	0	0	2	2	1	1	1	2	2	0	2	0	0	1	1	2	2	2	2	1	2	1	1	1	0	1	0	0	2	2	2	2	1	2	2	2	2	2	2	2	1	1	2	2	2	1	1	0	0	0	2	0	1	1	2	2	1	0	2	2	2	2	2	2	1	1	0	1	0	1	2	0	0	0	1	1	2	0	1	2	1	2	0	1	0	0	2	1	2	2	1	1	0	1	1	1	2	0	1	0	0	0	0	0
chr22	16200000	16200000	16.200000	16.200000	1	2	2	1	1	2	2	1	0	1	1	2	2	0	2	0	0	2	2	1	2	1	1	1	0	2	0	2	2	0	0	0	0	2	2	1	2	2	1	1	1	0	1	0	0	0	0	0	2	2	2	2	2	0	0	0	2	2	2	0	1	1	1	2	0	1	2	2	2	0	1	0	2	1	1	0	1	1	1	0	1	2	0	0	0	1	2	0	1	1	1	1	2	0	1	0	0	1	2	2	2	2	1	0	0	2	1	1	1	1	0	1	1	2	0	2	2	1	0	2	2	2	2	0	0	0	0	1	2	2	0	2	1	0	0	1	1	2	1	1	1	2	2	0	1	1	0	1	0	0	1	1	1	2	1	0	0	2	1	0	0	2	2	1	2	1	0	0	2	0	2	2	2	1	0	2	2	1	2	1	1	1	1	1	1	0	0	1	2	1	2	0	0	1	2	1	1	1	0	2	0	2	2	1	0	1	2	0	0	2	0	0	0	2	0	0	1	1	0	0	0	2	2	0	2	0	1	2	2	1	0	0	0	1	0	0	2	1	1	0	1	1	1	1	1	0	2	0	0	2	2	2	0	2	0	0	2	0	1	1	2	1	1	1	1	1	0	1	1	0	0	1	0	0	1	1	0	1	1	0	0	1	1	2	1	0	1	0	1	1	0	2	1	0	2	1	0	0	1	2	2	1	1	1	2	2	0	2	0	0	1	1	2	2	2	2	1	2	1	1	1	0	1	0	0	2	2	2	2	1	2	2	2	2	2	2	2	1	1	2	2	2	1	1	0	0	0	2	0	1	1	2	2	1	0	2	2	2	2	2	2	1	1	0	1	0	1	2	0	0	0	1	1	2	0	1	2	1	2	0	1	0	0	2	2	2	2	1	1	0	1	1	1	2	0	1	1	0	0	0	0
chr22	16205000	16205000	16.205000	16.205000	1	2	2	1	1	2	2	1	0	1	1	2	2	0	2	0	0	2	2	1	2	1	1	1	0	2	0	2	2	0	0	0	0	2	2	1	2	2	1	1	1	0	1	0	0	0	0	0	2	2	2	2	2	0	0	0	2	2	2	0	1	1	1	2	0	1	2	2	2	0	1	0	2	1	1	0	1	1	1	0	1	2	0	0	0	1	2	0	1	1	1	1	2	0	1	0	0	1	2	2	2	2	1	0	0	2	1	1	1	1	0	1	1	2	0	2	2	1	0	2	2	2	2	0	0	0	0	1	2	2	0	2	1	0	0	1	1	2	1	1	1	2	2	0	1	1	0	1	0	0	1	1	1	2	1	0	0	2	1	0	0	2	2	1	2	1	0	0	2	0	2	2	2	1	0	2	1	1	2	1	1	1	1	1	1	0	0	1	2	1	2	0	0	1	2	1	1	1	0	2	0	2	2	1	0	1	2	0	0	2	0	0	0	2	0	0	1	1	0	0	0	2	2	0	2	0	1	2	2	1	0	0	0	1	0	0	2	1	1	0	1	1	1	1	1	0	2	0	0	2	2	2	0	2	0	0	2	0	1	1	2	1	1	1	1	1	0	1	1	0	0	1	0	0	1	1	0	1	1	0	1	1	1	2	1	0	1	0	1	1	0	2	1	0	2	1	0	0	1	2	2	1	1	1	2	2	0	2	0	0	1	1	2	2	2	2	1	2	1	1	1	0	1	0	0	2	2	2	2	1	2	2	2	2	2	2	2	1	1	2	2	2	1	1	0	0	0	2	0	1	1	2	2	1	0	2	2	2	2	2	2	1	1	0	1	0	1	2	0	0	0	1	1	2	0	1	2	1	2	0	1	0	0	2	2	2	2	1	1	0	1	1	1	2	0	1	1	0	0	0	0
chr22	16210000	16210000	16.210000	16.210000	1	2	2	1	1	2	2	1	0	1	1	2	2	0	2	0	0	2	2	1	2	1	1	1	0	2	0	2	2	0	0	0	0	2	2	1	2	2	1	1	1	0	1	0	0	0	0	0	2	2	2	2	2	0	0	0	2	2	2	0	1	1	1	2	1	1	2	2	2	0	1	0	2	1	1	0	1	1	1	0	1	2	0	0	0	0	2	0	1	1	1	1	2	0	1	0	0	1	2	2	2	2	1	0	0	2	1	1	1	1	0	1	1	2	0	2	2	1	0	2	2	2	2	0	0	0	0	1	2	2	0	2	1	0	0	1	2	2	1	1	1	2	2	0	1	1	0	1	0	2	1	1	1	2	1	0	0	2	1	0	0	2	2	1	0	1	0	0	2	0	2	2	2	1	0	2	1	1	2	1	1	1	1	1	1	0	0	1	2	1	2	0	0	1	2	1	1	1	0	2	0	2	2	1	0	1	2	0	0	2	0	0	0	2	0	0	1	1	0	0	0	2	2	0	2	0	1	2	2	1	0	0	0	1	0	0	2	1	1	0	1	1	1	1	1	0	2	0	0	2	2	2	0	2	0	0	2	0	1	1	2	1	1	1	1	1	0	1	1	0	0	1	0	0	1	1	0	1	1	0	1	1	1	2	1	0	1	0	1	1	0	2	1	0	2	1	0	0	1	2	2	1	1	1	2	2	0	2	0	0	1	1	2	2	2	2	1	2	1	1	1	0	1	0	0	2	2	2	2	1	2	2	2	2	2	2	2	1	1	2	2	2	1	1	0	0	0	2	0	1	1	2	2	1	0	2	2	2	2	2	2	1	1	0	1	0	1	2	0	0	0	1	1	2	0	1	2	1	2	0	1	0	0	2	2	2	2	1	1	0	1	1	1	2	0	1	1	0	0	0	0
chr22	16215000	16215000	16.215000	16.215000	1	2	2	1	1	2	2	1	0	1	1	2	2	0	2	0	0	2	2	1	2	1	1	1	0	2	0	2	2	0	0	0	0	2	2	1	2	2	1	1	1	0	1	0	0	0	0	0	2	2	2	2	2	0	0	0	2	2	2	0	1	1	1	2	1	1	2	2	2	0	1	0	2	1	1	0	1	1	1	0	1	2	0	0	0	0	2	0	1	1	1	1	2	0	1	0	0	1	2	2	2	2	1	0	0	2	1	1	1	1	0	1	1	2	0	2	2	1	0	2	2	2	2	0	0	0	0	1	2	2	0	2	1	0	0	1	2	2	1	1	1	2	2	0	1	1	0	1	0	2	1	1	1	2	1	0	0	2	1	0	0	2	2	1	0	1	0	0	1	0	2	2	2	1	0	2	1	1	2	1	1	1	1	1	1	0	0	1	2	1	2	1	0	1	2	1	1	1	0	2	0	2	2	1	0	1	2	0	0	2	0	0	0	2	0	0	1	1	0	0	0	2	2	0	2	0	1	2	2	1	0	0	0	1	0	0	2	1	1	0	1	1	1	1	1	0	2	0	0	2	2	2	0	2	0	0	2	0	1	1	2	1	1	1	1	1	0	1	1	0	0	1	0	0	1	1	0	1	1	0	1	1	1	2	1	0	1	0	1	1	0	2	1	0	2	1	0	0	1	2	2	1	1	1	2	2	0	2	0	0	1	1	2	2	2	2	1	2	1	1	2	0	1	0	0	2	2	2	2	1	2	2	2	2	2	2	2	1	1	2	2	2	1	1	0	0	0	2	0	1	1	2	2	1	0	2	2	2	2	2	2	1	1	0	1	0	1	2	0	0	0	1	1	2	0	1	2	1	2	0	1	0	0	2	2	2	2	1	1	0	1	1	1	2	0	1	1	0	0	0	0
chr22	16220000	16220000	16.220000	16.220000	1	2	2	1	1	2	2	1	0	1	1	2	2	0	2	0	0	2	2	1	2	1	1	1	0	2	0	2	2	0	0	0	0	2	2	1	2	2	1	1	1	0	1	0	0	0	0	0	2	2	2	2	2	0	0	0	2	2	2	0	1	1	1	2	1	1	2	2	2	0	1	0	2	1	1	0	1	1	1	0	1	2	2	0	0	0	2	0	1	1	1	1	2	0	1	0	0	1	2	2	2	2	1	0	0	2	1	1	1	1	0	1	1	2	0	2	2	1	0	2	2	2	2	0	0	0	0	1	2	2	0	2	1	0	0	1	2	2	1	1	1	2	2	0	1	2	0	1	0	2	1	1	2	2	1	0	0	2	1	0	0	2	2	1	0	1	0	0	1	0	2	2	2	1	0	2	1	1	2	1	1	1	1	1	1	0	0	1	2	1	2	1	0	1	2	1	1	1	0	2	0	2	2	1	0	1	2	0	0	2	0	0	1	2	0	0	1	1	0	0	0	2	2	0	2	0	1	2	2	1	0	0	0	1	0	0	2	1	1	0	1	1	1	1	1	0	2	0	0	2	2	2	0	2	0	0	2	0	1	1	2	1	1	1	1	1	0	1	1	0	0	1	0	0	1	1	0	1	1	0	1	1	1	2	1	0	1	0	1	1	0	1	1	0	2	1	0	0	1	2	2	1	1	1	2	2	1	2	0	0	1	1	2	2	2	2	1	2	1	1	2	0	1	0	0	2	2	2	2	1	2	1	2	2	2	2	2	1	1	2	2	2	1	1	0	0	0	2	0	1	1	2	2	1	0	2	2	2	2	2	2	1	1	0	1	0	1	2	0	0	0	1	1	2	0	1	2	1	2	0	1	0	0	2	2	2	2	1	1	0	1	1	1	2	0	1	1	0	0	0	0
chr22	16225000	16225000	16.225000	16.225000	1	2	2	1	1	2	2	1	0	1	1	2	2	0	2	0	0	2	2	1	2	1	1	1	0	2	0	2	2	0	0	0	0	2	2	1	2	2	1	1	1	0	1	0	0	0	0	0	2	2	2	2	2	0	0	0	2	2	2	0	1	1	1	2	1	1	2	2	2	0	1	0	2	1	1	0	1	1	1	0	1	2	2	0	0	0	2	0	1	1	1	1	2	0	1	0	0	1	2	2	2	2	1	0	0	2	1	2	1	1	0	1	1	2	0	2	2	1	0	2	2	2	2	0	0	0	0	1	2	2	0	2	1	0	0	1	2	2	1	1	1	2	2	0	1	2	0	1	0	2	1	1	2	2	1	0	0	2	1	0	0	2	2	1	0	1	0	0	1	0	2	2	2	1	0	2	1	1	2	1	1	1	1	1	1	0	0	1	2	1	2	1	0	1	2	1	1	1	0	2	0	2	2	1	0	1	2	0	0	2	0	0	1	2	0	0	1	1	0	0	0	2	2	0	2	0	1	2	2	1	0	0	0	1	0	0	2	1	1	0	1	1	1	1	1	0	2	0	0	2	2	2	0	2	0	0	2	0	1	1	2	1	1	1	1	1	0	1	1	0	0	1	0	0	1	1	0	1	1	0	1	1	1	2	1	0	1	0	1	1	0	1	1	0	2	1	0	0	1	2	2	1	1	1	2	2	1	2	0	0	1	1	2	2	2	2	1	2	1	1	2	0	1	0	0	2	2	2	2	1	2	1	2	2	2	2	2	1	1	2	2	2	1	1	0	0	0	2	0	1	1	2	2	1	0	2	2	2	2	2	2	1	1	0	1	0	1	2	0	0	0	1	1	2	0	1	2	1	2	0	1	0	0	2	2	2	2	1	1	0	1	1	1	2	0	1	1	0	0	0	0
chr22	16230000	16230000	16.230000	16.230000	1	2	2	1	1	2	2	1	0	1	1	2	2	0	2	0	0	2	2	1	2	1	1	1	0	2	0	2	2	0	0	0	0	2	2	1	2	2	1	1	1	0	1	0	0	0	0	0	2	2	2	2	2	0	0	0	2	2	2	0	1	0	1	2	1	1	2	2	2	0	1	0	2	1	1	0	1	1	1	0	1	2	2	0	0	0	2	0	1	1	1	1	2	0	1	0	0	1	2	2	2	2	1	0	0	2	1	2	1	1	0	1	1	2	0	2	2	1	0	2	2	2	2	0	0	0	0	1	2	2	0	2	1	0	0	1	2	2	1	1	1	2	2	0	1	2	0	1	0	2	1	1	2	2	1	0	0	2	1	0	0	2	2	1	0	1	0	0	1	0	2	2	2	1	0	2	1	1	2	1	1	1	1	1	1	0	0	1	2	1	2	1	0	1	2	1	1	1	0	2	0	2	2	1	0	1	2	0	0	2	0	0	1	2	0	0	1	1	0	0	0	2	2	0	2	0	1	2	2	1	0	0	0	1	0	0	2	1	1	0	1	1	1	1	1	0	2	0	0	2	2	2	0	2	0	0	2	0	1	1	2	1	1	1	1	1	0	1	1	0	0	1	0	0	1	1	0	1	1	0	1	1	1	2	1	0	1	0	1	1	0	1	1	0	2	1	0	0	1	2	2	1	1	1	2	2	1	2	0	0	1	1	2	2	2	2	1	2	1	1	2	0	1	0	0	2	2	2	2	1	2	1	2	2	2	2	2	1	1	2	2	2	1	1	0	0	0	2	0	1	1	2	2	1	0	2	2	2	2	2	2	1	1	0	1	0	1	2	0	0	0	1	1	2	0	1	2	1	2	0	1	0	0	2	2	2	2	1	1	0	1	1	1	2	0	1	1	0	0	0	0
chr22	16235000	16235000	16.235000	16.235000	1	2	2	1	1	2	2	1	0	1	1	2	2	0	2	0	0	2	2	1	2	1	1	1	0	2	0	2	2	0	0	0	0	2	2	1	2	2	1	1	1	0	1	0	0	0	0	0	2	2	2	2	2	0	0	0	2	2	2	0	1	0	1	2	1	1	2	2	2	0	1	0	2	1	1	0	1	1	1	0	1	2	2	0	0	0	2	0	1	1	1	1	2	0	1	0	0	1	2	2	2	2	1	0	0	2	1	2	1	1	0	1	1	2	0	2	2	1	0	2	2	2	2	0	0	0	0	1	2	2	0	2	1	0	0	1	2	2	1	1	1	2	2	0	1	2	0	1	0	2	1	1	2	2	1	0	0	2	1	0	0	2	2	1	0	1	0	0	1	0	2	2	2	1	0	2	1	1	2	1	1	1	1	1	1	0	0	1	2	1	2	1	2	1	2	1	1	1	0	2	0	2	2	1	0	1	2	0	0	2	0	0	1	2	0	0	1	1	0	0	0	2	2	0	2	0	1	2	2	1	0	0	0	1	0	0	2	1	1	0	1	1	1	0	1	0	2	0	0	2	2	2	0	2	0	0	2	0	1	1	2	1	1	1	1	1	0	1	1	0	0	1	0	0	1	1	0	1	1	0	1	1	1	2	1	0	1	0	1	1	0	1	1	0	2	1	0	0	1	2	2	1	1	1	2	2	1	2	0	0	1	1	2	2	2	2	1	2	1	1	2	0	1	0	0	2	2	2	2	1	2	1	2	2	2	2	2	1	1	2	2	2	1	1	0	0	0	2	0	1	1	2	2	1	0	2	2	2	2	2	2	1	1	0	1	0	1	2	0	0	0	1	1	2	0	1	2	1	2	0	1	0	0	2	2	2	2	1	1	0	1	1	1	2	0	1	1	0	0	0	0
chr22	16240000	16240000	16.240000	16.240000	1	2	1	1	1	2	2	1	0	1	1	2	2	0	2	0	0	2	2	1	2	1	1	1	0	2	0	2	2	0	0	0	0	2	2	1	2	2	1	1	1	0	1	0	0	0	0	0	2	2	2	2	2	0	0	0	2	2	2	0	1	0	1	2	1	1	2	2	0	0	1	0	2	1	1	0	1	1	1	0	1	2	2	0	0	0	2	0	1	1	1	1	2	0	1	0	0	1	2	2	2	2	1	0	0	2	1	2	1	1	0	1	1	2	0	2	2	1	0	2	0	2	2	0	0	0	0	1	2	2	0	2	1	0	0	1	2	2	1	1	1	2	2	0	1	2	0	1	0	2	1	1	2	2	1	0	0	2	1	0	0	2	2	1	0	1	0	0	1	0	2	2	2	1	0	2	1	1	2	1	1	1	1	1	1	0	0	1	2	1	2	1	2	1	2	1	1	1	0	2	0	2	2	1	0	1	2	0	0	2	0	0	1	2	0	0	1	1	0	0	0	2	2	0	2	0	1	2	2	1	0	0	0	1	0	1	2	1	1	0	1	1	1	0	1	0	2	0	0	2	2	2	0	2	0	0	2	0	1	1	2	1	1	1	1	1	0	1	1	0	0	1	0	0	1	1	0	1	1	0	1	1	1	2	1	0	1	0	1	1	0	1	1	0	2	1	0	0	1	2	2	1	1	1	2	2	1	2	0	0	0	1	2	2	2	2	1	2	1	0	2	0	1	0	0	2	2	2	2	1	2	1	2	2	2	2	2	1	1	2	2	2	1	1	0	0	0	2	0	1	1	2	2	1	0	2	2	2	2	2	2	1	1	0	1	0	2	2	0	0	0	1	1	2	0	1	2	1	0	0	1	0	0	2	2	2	2	1	1	0	1	1	1	2	0	1	1	0	0	0	0
chr22	16245000	16245000	16.245000	16.245000	1	2	1	1	1	2	2	1	0	1	1	2	2	0	2	0	0	2	2	1	2	1	1	1	0	2	0	2	2	0	0	0	0	2	2	1	2	2	1	1	1	0	1	0	0	0	0	0	2	2	2	2	2	0	0	0	2	2	2	0	1	0	1	2	1	1	2	2	0	0	1	0	2	1	1	0	1	1	1	0	1	2	2	0	0	0	2	0	1	1	1	1	2	0	1	0	0	1	2	2	2	2	1	0	0	2	1	2	1	1	0	1	1	2	0	2	2	1	0	2	0	2	2	0	0	0	0	1	2	2	0	2	1	0	0	1	2	2	1	1	1	2	2	0	1	2	0	1	0	2	1	1	2	2	1	0	0	2	1	0	0	2	2	1	0	1	0	0	1	0	2	2	2	1	0	2	1	1	2	1	1	1	1	1	1	0	0	1	2	1	2	1	2	1	2	1	1	1	0	2	0	2	2	1	0	1	2	0	0	2	0	0	1	2	0	0	1	1	0	0	0	2	2	0	2	0	1	2	2	1	0	0	0	1	0	1	2	1	1	0	1	1	1	0	1	0	2	0	0	2	2	2	0	2	0	1	2	0	1	1	2	1	1	1	1	1	0	1	1	0	0	1	0	0	1	1	0	1	1	0	1	1	1	2	1	0	1	0	1	1	0	1	1	0	2	1	0	0	1	2	2	1	1	1	2	2	1	2	0	0	0	1	2	2	2	2	1	2	1	0	2	0	1	0	0	2	2	2	2	1	2	1	2	2	2	2	2	1	1	2	2	2	1	1	0	0	0	2	0	1	1	2	2	1	0	2	2	2	2	2	2	1	1	0	1	0	2	2	0	0	0	1	1	2	0	1	2	1	0	1	1	0	0	2	2	2	2	1	1	0	1	1	1	2	0	1	1	0	0	0	0
chr22	16250000	16250000	16.250000	16.250000	1	2	1	1	1	2	2	1	0	1	1	2	2	0	2	0	0	2	2	1	2	1	1	1	0	2	0	2	2	0	0	0	0	2	2	1	2	2	1	1	1	0	1	0	0	0	0	0	2	2	2	2	2	0	0	0	2	2	2	0	1	0	1	2	1	1	2	2	0	0	1	0	2	1	1	0	1	1	1	0	1	2	2	0	0	0	2	0	1	1	1	1	2	0	1	0	0	1	2	2	2	2	1	0	0	2	1	2	1	1	0	1	1	2	0	2	2	1	0	2	0	2	2	0	0	0	0	1	2	1	2	2	1	0	0	1	2	2	1	1	1	2	2	0	1	2	0	1	0	2	1	1	2	2	1	0	0	2	1	0	0	2	2	1	0	1	0	0	1	1	2	2	2	1	0	2	1	1	2	1	1	1	1	1	1	0	0	1	2	1	2	1	2	1	2	1	1	1	0	2	0	2	2	1	0	1	2	0	0	2	0	0	1	2	0	0	1	1	0	0	0	2	2	0	2	0	1	2	2	1	0	0	0	1	0	1	2	1	1	0	1	1	1	0	1	0	2	0	0	2	2	2	0	2	0	1	2	0	1	1	2	1	1	1	1	1	0	1	1	0	0	1	0	0	1	1	0	1	1	0	1	1	1	2	1	0	1	0	1	1	0	1	1	0	2	1	0	0	1	2	2	1	1	1	2	2	1	2	0	0	0	1	2	2	2	2	1	2	1	0	2	0	1	0	0	2	2	2	2	1	2	1	2	1	2	2	2	1	1	2	2	2	1	1	0	0	0	2	0	1	1	2	2	1	0	2	2	2	2	2	2	1	1	0	1	0	2	2	0	0	0	1	1	2	0	1	2	1	0	1	1	0	0	2	2	2	2	1	1	0	1	1	1	2	0	1	1	0	0	0	0
chr22	16255000	16255000	16.255000	16.255000	1	2	1	1	1	2	2	1	0	1	1	2	2	0	2	0	0	2	2	1	2	1	1	1	0	2	0	2	2	0	0	1	0	2	2	1	2	2	1	1	1	0	1	0	0	0	0	0	2	2	2	2	2	0	0	0	2	2	2	0	1	0	1	2	1	1	2	2	0	0	1	0	2	1	1	0	1	1	1	0	1	2	2	0	0	0	2	0	1	1	1	1	2	0	1	0	0	1	2	2	2	2	1	0	0	2	1	2	1	1	0	1	1	2	0	2	2	1	0	2	0	2	2	2	0	0	0	1	2	1	2	2	1	0	0	1	2	2	1	1	1	2	2	0	1	2	0	1	0	2	1	1	2	2	1	0	0	2	1	0	0	2	2	1	0	1	0	0	1	1	2	2	2	0	0	2	1	1	2	1	1	1	1	1	1	0	0	1	2	1	2	1	2	1	2	1	1	1	0	2	0	2	2	1	0	1	2	0	0	2	0	0	1	2	0	0	1	1	0	0	0	2	2	0	2	0	1	2	2	1	0	0	0	1	0	1	2	1	1	0	1	1	1	0	1	0	2	0	0	2	2	2	0	2	0	1	2	0	1	1	2	1	1	1	1	0	0	1	1	0	0	1	0	0	1	1	0	1	1	0	1	1	1	2	1	2	1	0	1	1	0	1	1	0	2	1	0	0	1	2	2	1	1	1	2	2	1	2	0	0	0	1	2	1	2	2	1	2	1	0	2	0	1	0	0	2	2	2	2	1	2	1	2	1	2	2	2	1	1	2	2	2	1	1	0	0	0	2	0	1	1	2	2	1	0	2	2	2	2	2	2	1	1	0	1	0	2	2	0	0	0	1	1	2	0	1	2	1	0	1	1	0	0	2	2	2	2	1	1	0	1	1	1	2	0	1	1	0	0	0	0
chr22	16260000	16260000	16.260000	16.260000	1	2	1	1	1	2	2	1	0	1	1	2	2	0	2	0	0	2	2	1	2	1	1	1	0	2	0	2	2	0	0	1	0	2	2	1	2	2	1	1	1	0	1	0	0	0	0	0	2	2	2	2	2	0	0	0	2	2	2	0	1	0	1	2	1	1	2	2	0	0	1	0	2	1	1	0	1	1	1	0	1	2	2	0	0	0	2	0	1	1	1	1	2	0	1	0	0	1	2	2	2	2	1	0	0	2	1	2	1	1	0	1	1	2	0	2	2	1	0	2	0	2	2	2	0	0	0	1	2	1	2	2	1	0	0	1	2	2	1	1	1	2	2	0	1	2	0	1	0	2	1	1	2	2	1	0	0	1	1	0	0	2	2	1	0	1	0	0	1	1	2	2	2	0	0	2	1	1	2	1	1	1	1	1	1	0	0	1	2	1	2	1	2	1	2	1	1	1	0	2	0	2	2	1	0	1	2	0	0	2	0	0	1	2	0	0	1	1	0	0	0	2	2	0	2	0	1	2	2	1	0	0	0	1	0	1	2	1	1	0	1	1	1	0	1	0	1	0	0	2	2	2	0	2	0	1	2	0	1	1	2	1	1	1	1	0	0	1	1	0	0	1	0	0	1	1	0	1	1	0	1	1	1	2	1	2	1	0	1	1	0	1	1	0	2	1	0	0	1	2	2	1	1	1	2	2	1	2	0	0	0	1	2	1	2	2	1	2	1	0	2	0	1	0	0	2	2	2	2	1	2	1	2	1	2	2	2	1	1	2	2	2	1	1	0	0	0	2	0	1	1	2	2	1	0	2	2	2	2	2	2	1	1	0	1	0	2	2	2	0	0	1	1	2	0	1	2	1	0	1	1	0	0	2	1	2	2	1	1	0	1	1	1	2	0	1	1	0	0	0	0
chr22	16265000	16265000	16.265000	16.265000	1	2	1	1	1	2	2	1	0	1	1	2	2	0	2	0	0	2	2	1	2	1	1	1	0	2	0	2	2	0	0	1	0	2	2	1	2	2	1	1	1	0	1	0	1	0	0	0	2	2	2	2	2	0	0	0	2	2	2	0	1	0	1	1	1	1	2	2	0	0	1	0	2	1	1	0	1	1	1	0	1	2	2	0	0	0	2	0	1	1	1	2	2	0	1	0	0	1	2	2	2	2	1	0	1	2	1	2	1	1	0	1	1	2	0	2	2	1	0	2	0	2	2	2	0	0	0	1	2	1	2	2	1	0	0	1	2	2	1	1	1	2	2	0	1	2	0	1	0	2	1	1	2	2	1	0	0	1	1	0	0	2	2	1	0	1	0	0	1	1	2	2	2	1	0	2	1	1	2	1	1	1	1	1	1	0	0	1	2	1	2	1	2	1	2	1	1	1	0	2	0	2	2	1	0	1	2	0	0	2	0	0	1	2	0	0	1	1	0	0	0	2	2	0	2	0	1	2	2	1	0	0	0	1	0	1	2	1	1	0	0	1	1	0	1	0	1	0	0	2	2	2	0	2	0	1	2	0	1	1	2	1	1	1	1	0	0	1	1	0	0	1	0	0	1	1	0	1	1	0	1	1	1	2	1	2	1	0	1	1	0	1	1	0	2	1	0	0	1	2	2	1	1	1	2	2	1	2	0	0	0	1	2	1	2	2	1	2	1	0	2	0	1	0	0	2	2	2	2	1	2	1	2	1	2	2	2	1	1	2	2	2	1	1	0	0	0	2	0	1	1	2	2	1	0	2	2	2	2	2	2	1	1	0	1	0	2	2	2	0	0	1	1	2	0	1	2	1	0	1	1	0	0	2	1	2	2	2	1	0	1	1	1	2	0	1	1	1	0	0	0
chr22	16270000	16295000	16.270000	16.295000	6	2	1	1	1	2	2	1	0	1	1	2	2	0	2	0	0	2	2	2	2	1	1	1	0	2	0	2	2	0	0	1	0	2	2	1	2	2	1	1	1	0	1	1	1	0	0	0	2	2	2	2	2	0	0	0	2	2	2	0	1	0	1	1	1	1	2	2	0	0	1	0	2	1	1	0	1	1	1	0	1	2	2	0	0	0	2	0	1	1	1	2	2	0	1	0	0	1	2	2	2	2	1	0	1	2	1	2	1	1	0	1	1	2	0	2	2	1	0	2	0	2	2	2	0	0	0	1	2	1	2	2	1	0	0	1	2	2	1	1	1	2	2	0	1	2	0	1	0	2	1	1	2	2	1	0	0	1	1	0	0	2	2	1	0	1	0	0	1	1	2	2	2	1	0	2	1	1	2	2	1	1	1	1	1	0	0	1	2	1	2	1	2	1	2	1	1	1	0	2	0	2	2	1	0	1	2	0	0	2	0	0	1	2	0	0	1	1	0	0	0	2	2	0	2	0	1	2	2	1	0	0	0	1	0	1	2	1	1	0	0	1	1	0	1	0	1	0	0	2	2	2	0	2	0	1	2	0	1	1	2	1	1	1	1	0	0	1	1	0	0	1	0	0	1	1	0	1	1	0	1	1	1	2	1	2	1	0	1	1	0	1	1	0	2	1	0	0	1	2	2	1	1	1	2	2	1	2	0	0	0	1	2	1	2	1	1	2	1	0	2	0	1	0	0	2	2	2	2	1	2	1	2	1	2	2	1	1	1	2	2	2	1	1	0	0	0	2	0	1	1	2	2	1	0	2	2	2	2	2	2	1	1	0	1	0	2	2	2	0	0	1	1	2	0	1	2	1	0	1	1	0	0	2	1	2	2	2	1	0	1	1	1	2	0	1	1	1	0	0	0
